future_code,market,future_name,clock,date,open_price,max_price,min_price,close_price,yesterday_price,buy_price,sell_price,newest_price,buy_amount,sell_amount,amount,volume,everage_price
JM2312,DCE,½¹Ãº2312,90049,2023-09-13,1787.5,1788.0,1738.0,0.0,1762.5,1743.0,1763.5,1754.5,2.0,2.0,433.0,1473.0,1757.582
JM2312,DCE,½¹Ãº2312,90148,2023-09-13,1787.5,1788.0,1738.0,0.0,1762.5,1745.0,1763.5,1754.5,2.0,2.0,433.0,1473.0,1757.582
JM2312,DCE,½¹Ãº2312,90234,2023-09-13,1787.5,1788.0,1738.0,0.0,1762.5,1745.0,1762.5,1754.5,2.0,2.0,434.0,1473.0,1757.575
JM2312,DCE,½¹Ãº2312,90357,2023-09-13,1787.5,1788.0,1738.0,0.0,1762.5,1750.0,1761.5,1754.5,1.0,2.0,434.0,1473.0,1757.575
JM2312,DCE,½¹Ãº2312,90458,2023-09-13,1787.5,1788.0,1738.0,0.0,1762.5,1756.5,1758.5,1755.5,7.0,32.0,439.0,1472.0,1757.551
JM2312,DCE,½¹Ãº2312,90558,2023-09-13,1787.5,1788.0,1738.0,0.0,1762.5,1754.0,1756.0,1755.5,18.0,2.0,439.0,1472.0,1757.551
JM2312,DCE,½¹Ãº2312,90658,2023-09-13,1787.5,1788.0,1738.0,0.0,1762.5,1751.0,1753.0,1753.0,8.0,4.0,454.0,1468.0,1757.409
JM2312,DCE,½¹Ãº2312,90757,2023-09-13,1787.5,1788.0,1738.0,0.0,1762.5,1752.5,1753.5,1752.5,2.0,1.0,455.0,1467.0,1757.398
JM2312,DCE,½¹Ãº2312,90858,2023-09-13,1787.5,1788.0,1738.0,0.0,1762.5,1751.5,1752.5,1752.5,2.0,1.0,456.0,1467.0,1757.389
JM2312,DCE,½¹Ãº2312,90958,2023-09-13,1787.5,1788.0,1738.0,0.0,1762.5,1746.5,1748.5,1748.0,22.0,1.0,460.0,1465.0,1757.311
JM2312,DCE,½¹Ãº2312,91058,2023-09-13,1787.5,1788.0,1738.0,0.0,1762.5,1748.5,1750.5,1748.0,8.0,3.0,460.0,1465.0,1757.311
JM2312,DCE,½¹Ãº2312,91158,2023-09-13,1787.5,1788.0,1738.0,0.0,1762.5,1747.0,1749.0,1747.5,3.0,16.0,468.0,1463.0,1757.144
JM2312,DCE,½¹Ãº2312,91258,2023-09-13,1787.5,1788.0,1738.0,0.0,1762.5,1749.0,1751.0,1747.5,2.0,32.0,468.0,1463.0,1757.144
JM2312,DCE,½¹Ãº2312,91358,2023-09-13,1787.5,1788.0,1738.0,0.0,1762.5,1751.5,1753.0,1747.5,2.0,1.0,468.0,1463.0,1757.144
JM2312,DCE,½¹Ãº2312,91455,2023-09-13,1787.5,1788.0,1738.0,0.0,1762.5,1752.5,1755.0,1753.5,19.0,11.0,469.0,1463.0,1757.136
JM2312,DCE,½¹Ãº2312,91558,2023-09-13,1787.5,1788.0,1738.0,0.0,1762.5,1754.5,1756.5,1753.5,14.0,3.0,469.0,1463.0,1757.136
JM2312,DCE,½¹Ãº2312,91658,2023-09-13,1787.5,1788.0,1738.0,0.0,1762.5,1756.5,1758.5,1753.5,17.0,1.0,469.0,1463.0,1757.136
JM2312,DCE,½¹Ãº2312,91758,2023-09-13,1787.5,1788.0,1738.0,0.0,1762.5,1756.5,1758.5,1757.5,4.0,10.0,472.0,1461.0,1757.14
JM2312,DCE,½¹Ãº2312,91857,2023-09-13,1787.5,1788.0,1738.0,0.0,1762.5,1755.0,1757.0,1757.5,4.0,10.0,472.0,1461.0,1757.14
JM2312,DCE,½¹Ãº2312,91958,2023-09-13,1787.5,1788.0,1738.0,0.0,1762.5,1755.5,1757.5,1755.5,1.0,37.0,474.0,1459.0,1757.131
JM2312,DCE,½¹Ãº2312,92057,2023-09-13,1787.5,1788.0,1738.0,0.0,1762.5,1757.0,1759.0,1755.5,5.0,24.0,474.0,1459.0,1757.131
JM2312,DCE,½¹Ãº2312,92158,2023-09-13,1787.5,1788.0,1738.0,0.0,1762.5,1755.5,1757.5,1755.5,5.0,14.0,474.0,1459.0,1757.131
JM2312,DCE,½¹Ãº2312,92257,2023-09-13,1787.5,1788.0,1738.0,0.0,1762.5,1758.5,1760.5,1755.5,1.0,37.0,474.0,1459.0,1757.131
JM2312,DCE,½¹Ãº2312,92358,2023-09-13,1787.5,1788.0,1738.0,0.0,1762.5,1759.0,1761.0,1755.5,2.0,36.0,474.0,1459.0,1757.131
JM2312,DCE,½¹Ãº2312,92458,2023-09-13,1787.5,1788.0,1738.0,0.0,1762.5,1763.5,1765.5,1763.0,2.0,2.0,475.0,1459.0,1757.143
JM2312,DCE,½¹Ãº2312,92558,2023-09-13,1787.5,1788.0,1738.0,0.0,1762.5,1766.5,1768.5,1767.5,6.0,6.0,482.0,1461.0,1757.289
JM2312,DCE,½¹Ãº2312,92657,2023-09-13,1787.5,1788.0,1738.0,0.0,1762.5,1762.0,1764.0,1767.5,3.0,15.0,482.0,1461.0,1757.289
JM2312,DCE,½¹Ãº2312,92758,2023-09-13,1787.5,1788.0,1738.0,0.0,1762.5,1764.5,1766.5,1765.5,16.0,4.0,485.0,1461.0,1757.349
JM2312,DCE,½¹Ãº2312,92858,2023-09-13,1787.5,1788.0,1738.0,0.0,1762.5,1763.5,1765.5,1764.0,5.0,11.0,492.0,1462.0,1757.461
JM2312,DCE,½¹Ãº2312,92958,2023-09-13,1787.5,1788.0,1738.0,0.0,1762.5,1763.0,1765.0,1764.0,2.0,37.0,492.0,1462.0,1757.461
JM2312,DCE,½¹Ãº2312,93058,2023-09-13,1787.5,1788.0,1738.0,0.0,1762.5,1759.5,1762.0,1762.5,6.0,15.0,498.0,1458.0,1757.524
JM2312,DCE,½¹Ãº2312,93158,2023-09-13,1787.5,1788.0,1738.0,0.0,1762.5,1762.5,1764.5,1762.5,3.0,33.0,500.0,1459.0,1757.544
JM2312,DCE,½¹Ãº2312,93258,2023-09-13,1787.5,1788.0,1738.0,0.0,1762.5,1762.0,1764.0,1762.5,2.0,20.0,500.0,1459.0,1757.544
JM2312,DCE,½¹Ãº2312,93358,2023-09-13,1787.5,1788.0,1738.0,0.0,1762.5,1762.0,1764.0,1763.5,2.0,17.0,511.0,1459.0,1757.665
JM2312,DCE,½¹Ãº2312,93458,2023-09-13,1787.5,1788.0,1738.0,0.0,1762.5,1764.5,1767.0,1763.5,17.0,26.0,511.0,1459.0,1757.665
JM2312,DCE,½¹Ãº2312,93558,2023-09-13,1787.5,1788.0,1738.0,0.0,1762.5,1765.0,1767.0,1763.5,3.0,15.0,511.0,1459.0,1757.665
JM2312,DCE,½¹Ãº2312,93654,2023-09-13,1787.5,1788.0,1738.0,0.0,1762.5,1763.5,1765.5,1763.5,2.0,1.0,511.0,1459.0,1757.665
JM2312,DCE,½¹Ãº2312,93758,2023-09-13,1787.5,1788.0,1738.0,0.0,1762.5,1764.0,1766.0,1763.5,2.0,17.0,511.0,1459.0,1757.665
JM2312,DCE,½¹Ãº2312,93858,2023-09-13,1787.5,1788.0,1738.0,0.0,1762.5,1762.5,1764.5,1763.5,4.0,29.0,511.0,1459.0,1757.665
JM2312,DCE,½¹Ãº2312,93954,2023-09-13,1787.5,1788.0,1738.0,0.0,1762.5,1761.0,1763.5,1763.5,15.0,12.0,511.0,1459.0,1757.665
JM2312,DCE,½¹Ãº2312,94058,2023-09-13,1787.5,1788.0,1738.0,0.0,1762.5,1763.5,1765.5,1763.5,2.0,33.0,511.0,1459.0,1757.665
JM2312,DCE,½¹Ãº2312,94158,2023-09-13,1787.5,1788.0,1738.0,0.0,1762.5,1765.0,1766.5,1763.5,3.0,1.0,511.0,1459.0,1757.665
JM2312,DCE,½¹Ãº2312,94258,2023-09-13,1787.5,1788.0,1738.0,0.0,1762.5,1767.0,1769.0,1768.0,2.0,10.0,512.0,1459.0,1757.686
JM2312,DCE,½¹Ãº2312,94358,2023-09-13,1787.5,1788.0,1738.0,0.0,1762.5,1765.0,1767.0,1768.0,7.0,3.0,512.0,1459.0,1757.686
JM2312,DCE,½¹Ãº2312,94458,2023-09-13,1787.5,1788.0,1738.0,0.0,1762.5,1764.0,1766.0,1768.0,17.0,2.0,512.0,1459.0,1757.686
JM2312,DCE,½¹Ãº2312,94558,2023-09-13,1787.5,1788.0,1738.0,0.0,1762.5,1764.0,1765.5,1768.0,5.0,2.0,512.0,1459.0,1757.686
JM2312,DCE,½¹Ãº2312,94658,2023-09-13,1787.5,1788.0,1738.0,0.0,1762.5,1767.0,1769.0,1768.0,11.0,1.0,531.0,1458.0,1758.035
JM2312,DCE,½¹Ãº2312,94757,2023-09-13,1787.5,1788.0,1738.0,0.0,1762.5,1767.5,1770.0,1768.0,14.0,12.0,531.0,1458.0,1758.035
JM2312,DCE,½¹Ãº2312,94857,2023-09-13,1787.5,1788.0,1738.0,0.0,1762.5,1768.5,1770.0,1767.0,1.0,11.0,534.0,1457.0,1758.087
JM2312,DCE,½¹Ãº2312,94958,2023-09-13,1787.5,1788.0,1738.0,0.0,1762.5,1766.0,1766.5,1766.5,2.0,1.0,540.0,1457.0,1758.181
JM2312,DCE,½¹Ãº2312,95058,2023-09-13,1787.5,1788.0,1738.0,0.0,1762.5,1765.5,1767.5,1766.5,18.0,4.0,541.0,1458.0,1758.196
JM2312,DCE,½¹Ãº2312,95158,2023-09-13,1787.5,1788.0,1738.0,0.0,1762.5,1763.5,1765.5,1766.5,14.0,7.0,541.0,1458.0,1758.196
JM2312,DCE,½¹Ãº2312,95258,2023-09-13,1787.5,1788.0,1738.0,0.0,1762.5,1761.0,1763.0,1766.5,14.0,2.0,541.0,1458.0,1758.196
JM2312,DCE,½¹Ãº2312,95358,2023-09-13,1787.5,1788.0,1738.0,0.0,1762.5,1761.5,1763.5,1766.5,10.0,4.0,541.0,1458.0,1758.196
JM2312,DCE,½¹Ãº2312,95458,2023-09-13,1787.5,1788.0,1738.0,0.0,1762.5,1763.0,1765.0,1766.5,16.0,4.0,541.0,1458.0,1758.196
JM2312,DCE,½¹Ãº2312,95558,2023-09-13,1787.5,1788.0,1738.0,0.0,1762.5,1761.0,1762.5,1766.5,7.0,2.0,541.0,1458.0,1758.196
JM2312,DCE,½¹Ãº2312,95658,2023-09-13,1787.5,1788.0,1738.0,0.0,1762.5,1757.0,1759.5,1757.5,2.0,20.0,543.0,1457.0,1758.193
JM2312,DCE,½¹Ãº2312,95758,2023-09-13,1787.5,1788.0,1738.0,0.0,1762.5,1757.5,1759.0,1757.5,10.0,1.0,543.0,1457.0,1758.193
JM2312,DCE,½¹Ãº2312,95858,2023-09-13,1787.5,1788.0,1738.0,0.0,1762.5,1756.0,1758.5,1757.5,14.0,11.0,543.0,1457.0,1758.193
JM2312,DCE,½¹Ãº2312,95958,2023-09-13,1787.5,1788.0,1738.0,0.0,1762.5,1756.5,1758.0,1757.5,1.0,1.0,543.0,1457.0,1758.193
JM2312,DCE,½¹Ãº2312,100058,2023-09-13,1787.5,1788.0,1738.0,0.0,1762.5,1751.5,1753.5,1752.0,1.0,18.0,557.0,1453.0,1758.118
JM2312,DCE,½¹Ãº2312,100158,2023-09-13,1787.5,1788.0,1738.0,0.0,1762.5,1749.5,1752.0,1752.0,15.0,13.0,560.0,1454.0,1758.084
JM2312,DCE,½¹Ãº2312,100258,2023-09-13,1787.5,1788.0,1738.0,0.0,1762.5,1751.5,1753.5,1751.5,2.0,11.0,561.0,1453.0,1758.072
JM2312,DCE,½¹Ãº2312,100358,2023-09-13,1787.5,1788.0,1738.0,0.0,1762.5,1751.5,1753.5,1751.5,18.0,1.0,561.0,1453.0,1758.072
JM2312,DCE,½¹Ãº2312,100459,2023-09-13,1787.5,1788.0,1738.0,0.0,1762.5,1748.5,1750.5,1752.5,12.0,2.0,562.0,1453.0,1758.062
JM2312,DCE,½¹Ãº2312,100558,2023-09-13,1787.5,1788.0,1738.0,0.0,1762.5,1746.0,1748.0,1745.5,1.0,19.0,569.0,1451.0,1757.92
JM2312,DCE,½¹Ãº2312,100658,2023-09-13,1787.5,1788.0,1738.0,0.0,1762.5,1747.5,1749.5,1745.5,2.0,23.0,569.0,1451.0,1757.92
JM2312,DCE,½¹Ãº2312,100758,2023-09-13,1787.5,1788.0,1738.0,0.0,1762.5,1749.0,1751.0,1745.5,2.0,10.0,569.0,1451.0,1757.92
JM2312,DCE,½¹Ãº2312,100858,2023-09-13,1787.5,1788.0,1738.0,0.0,1762.5,1746.5,1748.5,1745.5,1.0,23.0,569.0,1451.0,1757.92
JM2312,DCE,½¹Ãº2312,100958,2023-09-13,1787.5,1788.0,1738.0,0.0,1762.5,1746.5,1748.0,1745.5,2.0,2.0,569.0,1451.0,1757.92
JM2312,DCE,½¹Ãº2312,101058,2023-09-13,1787.5,1788.0,1738.0,0.0,1762.5,1747.5,1749.0,1745.5,2.0,6.0,569.0,1451.0,1757.92
JM2312,DCE,½¹Ãº2312,101157,2023-09-13,1787.5,1788.0,1738.0,0.0,1762.5,1745.5,1746.5,1745.5,1.0,2.0,569.0,1451.0,1757.92
JM2312,DCE,½¹Ãº2312,101258,2023-09-13,1787.5,1788.0,1738.0,0.0,1762.5,1743.0,1745.5,1745.5,17.0,7.0,570.0,1450.0,1757.898
JM2312,DCE,½¹Ãº2312,101358,2023-09-13,1787.5,1788.0,1738.0,0.0,1762.5,1746.0,1747.0,1745.5,1.0,3.0,570.0,1450.0,1757.898
JM2312,DCE,½¹Ãº2312,101458,2023-09-13,1787.5,1788.0,1738.0,0.0,1762.5,1747.5,1750.0,1746.5,7.0,2.0,571.0,1450.0,1757.878
JM2312,DCE,½¹Ãº2312,101459,2023-09-13,1787.5,1788.0,1738.0,0.0,1762.5,1747.5,1750.0,1746.5,1.0,2.0,571.0,1450.0,1757.878
JM2312,DCE,½¹Ãº2312,103058,2023-09-13,1787.5,1788.0,1738.0,0.0,1762.5,1747.0,1748.5,1745.5,1.0,1.0,584.0,1449.0,1757.589
JM2312,DCE,½¹Ãº2312,103158,2023-09-13,1787.5,1788.0,1738.0,0.0,1762.5,1747.5,1750.0,1749.5,7.0,14.0,586.0,1449.0,1757.561
JM2312,DCE,½¹Ãº2312,103258,2023-09-13,1787.5,1788.0,1738.0,0.0,1762.5,1749.5,1751.5,1750.0,1.0,9.0,587.0,1448.0,1757.548
JM2312,DCE,½¹Ãº2312,103358,2023-09-13,1787.5,1788.0,1738.0,0.0,1762.5,1749.5,1751.5,1752.5,12.0,2.0,588.0,1448.0,1757.539
JM2312,DCE,½¹Ãº2312,103456,2023-09-13,1787.5,1788.0,1738.0,0.0,1762.5,1748.0,1750.0,1752.5,1.0,12.0,588.0,1448.0,1757.539
JM2312,DCE,½¹Ãº2312,103554,2023-09-13,1787.5,1788.0,1738.0,0.0,1762.5,1749.0,1750.5,1752.5,11.0,2.0,588.0,1448.0,1757.539
JM2312,DCE,½¹Ãº2312,103658,2023-09-13,1787.5,1788.0,1738.0,0.0,1762.5,1753.0,1755.0,1751.5,6.0,6.0,600.0,1451.0,1757.41
JM2312,DCE,½¹Ãº2312,103758,2023-09-13,1787.5,1788.0,1738.0,0.0,1762.5,1750.0,1752.5,1751.5,11.0,15.0,610.0,1450.0,1757.318
JM2312,DCE,½¹Ãº2312,103858,2023-09-13,1787.5,1788.0,1738.0,0.0,1762.5,1750.0,1751.5,1752.5,1.0,1.0,618.0,1451.0,1757.254
JM2312,DCE,½¹Ãº2312,103957,2023-09-13,1787.5,1788.0,1738.0,0.0,1762.5,1747.0,1749.0,1752.5,13.0,2.0,618.0,1451.0,1757.254
JM2312,DCE,½¹Ãº2312,104058,2023-09-13,1787.5,1788.0,1738.0,0.0,1762.5,1747.5,1749.5,1747.5,4.0,9.0,637.0,1449.0,1756.976
JM2312,DCE,½¹Ãº2312,104158,2023-09-13,1787.5,1788.0,1738.0,0.0,1762.5,1747.0,1749.5,1747.5,16.0,6.0,637.0,1449.0,1756.976
JM2312,DCE,½¹Ãº2312,104258,2023-09-13,1787.5,1788.0,1738.0,0.0,1762.5,1751.0,1753.5,1747.5,9.0,15.0,637.0,1449.0,1756.976
JM2312,DCE,½¹Ãº2312,104358,2023-09-13,1787.5,1788.0,1738.0,0.0,1762.5,1747.0,1749.5,1747.5,13.0,8.0,637.0,1449.0,1756.976
JM2312,DCE,½¹Ãº2312,104458,2023-09-13,1787.5,1788.0,1738.0,0.0,1762.5,1747.0,1749.0,1747.5,8.0,2.0,637.0,1449.0,1756.976
JM2312,DCE,½¹Ãº2312,104559,2023-09-13,1787.5,1788.0,1738.0,0.0,1762.5,1749.5,1751.5,1749.5,6.0,6.0,638.0,1449.0,1756.964
JM2312,DCE,½¹Ãº2312,104658,2023-09-13,1787.5,1788.0,1738.0,0.0,1762.5,1750.5,1752.5,1749.5,14.0,1.0,638.0,1449.0,1756.964
JM2312,DCE,½¹Ãº2312,104759,2023-09-13,1787.5,1788.0,1738.0,0.0,1762.5,1748.0,1750.0,1749.5,15.0,1.0,638.0,1449.0,1756.964
JM2312,DCE,½¹Ãº2312,104859,2023-09-13,1787.5,1788.0,1738.0,0.0,1762.5,1749.0,1751.0,1749.5,3.0,7.0,638.0,1449.0,1756.964
JM2312,DCE,½¹Ãº2312,104959,2023-09-13,1787.5,1788.0,1738.0,0.0,1762.5,1747.0,1749.5,1749.5,16.0,8.0,638.0,1449.0,1756.964
JM2312,DCE,½¹Ãº2312,105058,2023-09-13,1787.5,1788.0,1738.0,0.0,1762.5,1744.0,1746.0,1749.5,7.0,1.0,638.0,1449.0,1756.964
JM2312,DCE,½¹Ãº2312,105158,2023-09-13,1787.5,1788.0,1738.0,0.0,1762.5,1742.5,1744.5,1744.0,10.0,8.0,641.0,1446.0,1756.903
JM2312,DCE,½¹Ãº2312,105258,2023-09-13,1787.5,1788.0,1734.5,0.0,1762.5,1736.0,1738.5,1736.0,4.0,13.0,680.0,1435.0,1755.749
JM2312,DCE,½¹Ãº2312,105358,2023-09-13,1787.5,1788.0,1734.5,0.0,1762.5,1727.0,1729.0,1734.5,3.0,3.0,682.0,1433.0,1755.688
JM2312,DCE,½¹Ãº2312,105458,2023-09-13,1787.5,1788.0,1728.5,0.0,1762.5,1731.5,1733.5,1729.5,11.0,4.0,688.0,1430.0,1755.455
JM2312,DCE,½¹Ãº2312,105559,2023-09-13,1787.5,1788.0,1728.5,0.0,1762.5,1732.5,1734.5,1735.0,8.0,3.0,690.0,1431.0,1755.393
JM2312,DCE,½¹Ãº2312,105659,2023-09-13,1787.5,1788.0,1728.5,0.0,1762.5,1735.5,1737.0,1736.0,1.0,4.0,700.0,1428.0,1755.096
JM2312,DCE,½¹Ãº2312,105759,2023-09-13,1787.5,1788.0,1728.5,0.0,1762.5,1737.5,1739.5,1739.0,16.0,2.0,701.0,1429.0,1755.073
JM2312,DCE,½¹Ãº2312,105859,2023-09-13,1787.5,1788.0,1728.5,0.0,1762.5,1737.0,1739.5,1737.5,24.0,6.0,712.0,1428.0,1754.767
JM2312,DCE,½¹Ãº2312,105958,2023-09-13,1787.5,1788.0,1728.5,0.0,1762.5,1739.0,1741.0,1737.5,14.0,15.0,712.0,1428.0,1754.767
JM2312,DCE,½¹Ãº2312,110059,2023-09-13,1787.5,1788.0,1728.5,0.0,1762.5,1738.0,1740.0,1735.5,16.0,5.0,718.0,1427.0,1754.625
JM2312,DCE,½¹Ãº2312,110159,2023-09-13,1787.5,1788.0,1728.5,0.0,1762.5,1736.5,1737.5,1737.0,2.0,1.0,729.0,1427.0,1754.362
JM2312,DCE,½¹Ãº2312,110259,2023-09-13,1787.5,1788.0,1728.5,0.0,1762.5,1737.0,1739.0,1737.0,6.0,8.0,729.0,1427.0,1754.362
JM2312,DCE,½¹Ãº2312,110355,2023-09-13,1787.5,1788.0,1728.5,0.0,1762.5,1736.0,1738.0,1737.0,2.0,12.0,729.0,1427.0,1754.362
JM2312,DCE,½¹Ãº2312,110455,2023-09-13,1787.5,1788.0,1728.5,0.0,1762.5,1736.5,1738.5,1737.0,1.0,1.0,740.0,1424.0,1754.104
JM2312,DCE,½¹Ãº2312,110558,2023-09-13,1787.5,1788.0,1728.5,0.0,1762.5,1737.5,1740.0,1738.0,12.0,14.0,741.0,1423.0,1754.082
JM2312,DCE,½¹Ãº2312,110658,2023-09-13,1787.5,1788.0,1728.5,0.0,1762.5,1737.0,1739.0,1736.5,1.0,12.0,742.0,1423.0,1754.059
JM2312,DCE,½¹Ãº2312,110758,2023-09-13,1787.5,1788.0,1728.5,0.0,1762.5,1734.5,1736.5,1736.0,4.0,14.0,747.0,1421.0,1753.938
JM2312,DCE,½¹Ãº2312,110858,2023-09-13,1787.5,1788.0,1728.5,0.0,1762.5,1732.5,1734.0,1733.0,2.0,1.0,754.0,1419.0,1753.767
JM2312,DCE,½¹Ãº2312,110958,2023-09-13,1787.5,1788.0,1728.5,0.0,1762.5,1728.0,1730.5,1731.0,5.0,10.0,756.0,1417.0,1753.708
JM2312,DCE,½¹Ãº2312,111058,2023-09-13,1787.5,1788.0,1728.5,0.0,1762.5,1731.0,1733.0,1731.0,1.0,7.0,757.0,1416.0,1753.678
JM2312,DCE,½¹Ãº2312,111158,2023-09-13,1787.5,1788.0,1728.5,0.0,1762.5,1732.5,1734.5,1731.0,2.0,5.0,757.0,1416.0,1753.678
JM2312,DCE,½¹Ãº2312,111258,2023-09-13,1787.5,1788.0,1728.5,0.0,1762.5,1733.5,1735.5,1731.0,1.0,14.0,757.0,1416.0,1753.678
JM2312,DCE,½¹Ãº2312,111357,2023-09-13,1787.5,1788.0,1728.5,0.0,1762.5,1731.0,1733.5,1731.0,15.0,12.0,757.0,1416.0,1753.678
JM2312,DCE,½¹Ãº2312,111458,2023-09-13,1787.5,1788.0,1728.5,0.0,1762.5,1729.0,1731.0,1731.0,1.0,17.0,820.0,1427.0,1751.89
JM2312,DCE,½¹Ãº2312,111558,2023-09-13,1787.5,1788.0,1728.5,0.0,1762.5,1733.5,1736.0,1735.0,8.0,21.0,856.0,1436.0,1751.118
JM2312,DCE,½¹Ãº2312,111658,2023-09-13,1787.5,1788.0,1728.5,0.0,1762.5,1737.0,1739.0,1736.0,1.0,4.0,863.0,1437.0,1750.997
JM2312,DCE,½¹Ãº2312,111758,2023-09-13,1787.5,1788.0,1728.5,0.0,1762.5,1737.5,1739.0,1738.0,1.0,2.0,864.0,1436.0,1750.982
JM2312,DCE,½¹Ãº2312,111858,2023-09-13,1787.5,1788.0,1728.5,0.0,1762.5,1736.5,1738.5,1737.5,2.0,4.0,865.0,1436.0,1750.966
JM2312,DCE,½¹Ãº2312,111955,2023-09-13,1787.5,1788.0,1728.5,0.0,1762.5,1736.0,1738.0,1737.5,9.0,2.0,865.0,1436.0,1750.966
JM2312,DCE,½¹Ãº2312,112056,2023-09-13,1787.5,1788.0,1728.5,0.0,1762.5,1731.5,1733.5,1734.0,2.0,4.0,866.0,1435.0,1750.947
JM2312,DCE,½¹Ãº2312,112155,2023-09-13,1787.5,1788.0,1728.5,0.0,1762.5,1732.0,1734.5,1734.0,15.0,9.0,867.0,1435.0,1750.927
JM2312,DCE,½¹Ãº2312,112258,2023-09-13,1787.5,1788.0,1728.5,0.0,1762.5,1735.0,1737.0,1734.0,1.0,15.0,867.0,1435.0,1750.927
JM2312,DCE,½¹Ãº2312,112358,2023-09-13,1787.5,1788.0,1728.5,0.0,1762.5,1736.0,1738.0,1736.5,12.0,3.0,868.0,1436.0,1750.911
JM2312,DCE,½¹Ãº2312,112456,2023-09-13,1787.5,1788.0,1728.5,0.0,1762.5,1733.5,1734.5,1734.0,2.0,5.0,885.0,1430.0,1750.586
JM2312,DCE,½¹Ãº2312,112558,2023-09-13,1787.5,1788.0,1728.5,0.0,1762.5,1728.5,1730.0,1730.0,3.0,1.0,903.0,1437.0,1750.173
JM2312,DCE,½¹Ãº2312,112658,2023-09-13,1787.5,1788.0,1727.5,0.0,1762.5,1727.5,1730.0,1727.5,3.0,12.0,939.0,1438.0,1749.417
JM2312,DCE,½¹Ãº2312,112758,2023-09-13,1787.5,1788.0,1725.5,0.0,1762.5,1728.0,1730.0,1729.5,1.0,13.0,975.0,1445.0,1748.619
JM2312,DCE,½¹Ãº2312,112858,2023-09-13,1787.5,1788.0,1725.5,0.0,1762.5,1728.5,1731.0,1730.5,15.0,14.0,1074.0,1473.0,1746.908
JM2312,DCE,½¹Ãº2312,112956,2023-09-13,1787.5,1788.0,1725.5,0.0,1762.5,1731.0,1733.5,1730.5,2.0,1.0,1074.0,1473.0,1746.908
JM2312,DCE,½¹Ãº2312,113000,2023-09-13,1787.5,1788.0,1725.5,0.0,1762.5,1731.0,1733.5,1730.5,1.0,1.0,1074.0,1473.0,1746.908
JM2312,DCE,½¹Ãº2312,113000,2023-09-13,1787.5,1788.0,1725.5,0.0,1762.5,1731.0,1733.5,1730.5,1.0,1.0,1074.0,1473.0,1746.908
JM2312,DCE,½¹Ãº2312,133056,2023-09-13,1787.5,1788.0,1725.5,0.0,1762.5,1727.5,1743.5,1733.5,3.0,2.0,1076.0,1474.0,1746.881
JM2312,DCE,½¹Ãº2312,133144,2023-09-13,1787.5,1788.0,1725.5,0.0,1762.5,1730.5,1743.0,1733.5,2.0,3.0,1076.0,1474.0,1746.881
JM2312,DCE,½¹Ãº2312,133255,2023-09-13,1787.5,1788.0,1725.5,0.0,1762.5,1736.0,1738.0,1736.0,8.0,2.0,1098.0,1465.0,1746.662
JM2312,DCE,½¹Ãº2312,133357,2023-09-13,1787.5,1788.0,1725.5,0.0,1762.5,1733.5,1735.0,1737.0,3.0,1.0,1107.0,1459.0,1746.579
JM2312,DCE,½¹Ãº2312,133458,2023-09-13,1787.5,1788.0,1725.5,0.0,1762.5,1734.0,1736.0,1733.5,1.0,8.0,1113.0,1456.0,1746.508
JM2312,DCE,½¹Ãº2312,133557,2023-09-13,1787.5,1788.0,1725.5,0.0,1762.5,1735.5,1737.5,1737.0,14.0,2.0,1128.0,1453.0,1746.367
JM2312,DCE,½¹Ãº2312,133656,2023-09-13,1787.5,1788.0,1725.5,0.0,1762.5,1738.0,1740.5,1738.5,18.0,14.0,1156.0,1447.0,1746.168
JM2312,DCE,½¹Ãº2312,133756,2023-09-13,1787.5,1788.0,1725.5,0.0,1762.5,1739.0,1741.5,1740.0,8.0,13.0,1165.0,1446.0,1746.11
JM2312,DCE,½¹Ãº2312,133858,2023-09-13,1787.5,1788.0,1725.5,0.0,1762.5,1737.5,1740.0,1739.0,12.0,21.0,1167.0,1446.0,1746.098
JM2312,DCE,½¹Ãº2312,133957,2023-09-13,1787.5,1788.0,1725.5,0.0,1762.5,1737.5,1739.5,1739.0,1.0,12.0,1167.0,1446.0,1746.098
JM2312,DCE,½¹Ãº2312,134057,2023-09-13,1787.5,1788.0,1725.5,0.0,1762.5,1736.5,1739.0,1739.0,13.0,15.0,1167.0,1446.0,1746.098
JM2312,DCE,½¹Ãº2312,134157,2023-09-13,1787.5,1788.0,1725.5,0.0,1762.5,1736.0,1738.0,1739.5,8.0,7.0,1168.0,1446.0,1746.092
JM2312,DCE,½¹Ãº2312,134258,2023-09-13,1787.5,1788.0,1725.5,0.0,1762.5,1732.0,1734.5,1739.5,7.0,18.0,1168.0,1446.0,1746.092
JM2312,DCE,½¹Ãº2312,134353,2023-09-13,1787.5,1788.0,1725.5,0.0,1762.5,1730.5,1732.5,1739.5,8.0,1.0,1168.0,1446.0,1746.092
JM2312,DCE,½¹Ãº2312,134458,2023-09-13,1787.5,1788.0,1725.5,0.0,1762.5,1727.5,1730.0,1729.0,11.0,14.0,1173.0,1446.0,1746.02
JM2312,DCE,½¹Ãº2312,134558,2023-09-13,1787.5,1788.0,1725.5,0.0,1762.5,1729.5,1731.0,1730.0,1.0,5.0,1209.0,1458.0,1745.568
JM2312,DCE,½¹Ãº2312,134658,2023-09-13,1787.5,1788.0,1723.5,0.0,1762.5,1726.0,1728.5,1727.0,12.0,21.0,1351.0,1473.0,1743.54
JM2312,DCE,½¹Ãº2312,134758,2023-09-13,1787.5,1788.0,1723.5,0.0,1762.5,1723.5,1724.5,1724.0,1.0,2.0,1382.0,1468.0,1743.137
JM2312,DCE,½¹Ãº2312,134858,2023-09-13,1787.5,1788.0,1718.0,0.0,1762.5,1717.5,1720.0,1719.0,7.0,7.0,1502.0,1484.0,1741.337
JM2312,DCE,½¹Ãº2312,134958,2023-09-13,1787.5,1788.0,1718.0,0.0,1762.5,1725.0,1727.5,1727.5,4.0,10.0,1542.0,1483.0,1740.922
JM2312,DCE,½¹Ãº2312,135058,2023-09-13,1787.5,1788.0,1718.0,0.0,1762.5,1725.0,1727.5,1725.0,16.0,9.0,1555.0,1483.0,1740.807
JM2312,DCE,½¹Ãº2312,135156,2023-09-13,1787.5,1788.0,1718.0,0.0,1762.5,1720.5,1722.5,1721.5,1.0,1.0,1564.0,1475.0,1740.72
JM2312,DCE,½¹Ãº2312,135258,2023-09-13,1787.5,1788.0,1718.0,0.0,1762.5,1725.0,1727.0,1725.0,13.0,4.0,1579.0,1471.0,1740.543
JM2312,DCE,½¹Ãº2312,135355,2023-09-13,1787.5,1788.0,1718.0,0.0,1762.5,1725.5,1727.0,1725.5,1.0,1.0,1608.0,1471.0,1740.256
JM2312,DCE,½¹Ãº2312,135458,2023-09-13,1787.5,1788.0,1718.0,0.0,1762.5,1721.0,1723.0,1721.0,9.0,2.0,1618.0,1469.0,1740.145
JM2312,DCE,½¹Ãº2312,135558,2023-09-13,1787.5,1788.0,1718.0,0.0,1762.5,1724.5,1726.5,1725.5,8.0,3.0,1637.0,1461.0,1739.961
JM2312,DCE,½¹Ãº2312,135658,2023-09-13,1787.5,1788.0,1718.0,0.0,1762.5,1724.0,1726.5,1724.0,12.0,14.0,1649.0,1462.0,1739.849
JM2312,DCE,½¹Ãº2312,135757,2023-09-13,1787.5,1788.0,1718.0,0.0,1762.5,1724.5,1726.5,1724.0,10.0,3.0,1649.0,1462.0,1739.849
JM2312,DCE,½¹Ãº2312,135858,2023-09-13,1787.5,1788.0,1718.0,0.0,1762.5,1727.0,1729.5,1729.0,16.0,12.0,1652.0,1462.0,1739.829
JM2312,DCE,½¹Ãº2312,135956,2023-09-13,1787.5,1788.0,1718.0,0.0,1762.5,1729.0,1730.5,1730.0,1.0,6.0,1663.0,1460.0,1739.76
JM2312,DCE,½¹Ãº2312,140055,2023-09-13,1787.5,1788.0,1718.0,0.0,1762.5,1728.0,1730.0,1729.5,11.0,6.0,1671.0,1457.0,1739.713
JM2312,DCE,½¹Ãº2312,140158,2023-09-13,1787.5,1788.0,1718.0,0.0,1762.5,1728.0,1730.0,1730.0,18.0,3.0,1673.0,1457.0,1739.702
JM2312,DCE,½¹Ãº2312,140258,2023-09-13,1787.5,1788.0,1718.0,0.0,1762.5,1723.5,1725.5,1726.0,5.0,1.0,1674.0,1456.0,1739.694
JM2312,DCE,½¹Ãº2312,140357,2023-09-13,1787.5,1788.0,1718.0,0.0,1762.5,1725.0,1727.0,1726.0,6.0,10.0,1674.0,1456.0,1739.694
JM2312,DCE,½¹Ãº2312,140458,2023-09-13,1787.5,1788.0,1718.0,0.0,1762.5,1724.5,1727.0,1726.0,17.0,6.0,1674.0,1456.0,1739.694
JM2312,DCE,½¹Ãº2312,140558,2023-09-13,1787.5,1788.0,1718.0,0.0,1762.5,1725.0,1727.0,1726.0,4.0,2.0,1674.0,1456.0,1739.694
JM2312,DCE,½¹Ãº2312,140658,2023-09-13,1787.5,1788.0,1718.0,0.0,1762.5,1722.5,1725.0,1726.0,15.0,11.0,1674.0,1456.0,1739.694
JM2312,DCE,½¹Ãº2312,140756,2023-09-13,1787.5,1788.0,1718.0,0.0,1762.5,1723.0,1725.0,1726.0,3.0,1.0,1674.0,1456.0,1739.694
JM2312,DCE,½¹Ãº2312,140856,2023-09-13,1787.5,1788.0,1718.0,0.0,1762.5,1724.0,1726.0,1726.0,6.0,11.0,1674.0,1456.0,1739.694
JM2312,DCE,½¹Ãº2312,140958,2023-09-13,1787.5,1788.0,1718.0,0.0,1762.5,1724.5,1726.5,1726.0,19.0,1.0,1675.0,1456.0,1739.685
JM2312,DCE,½¹Ãº2312,141056,2023-09-13,1787.5,1788.0,1718.0,0.0,1762.5,1724.5,1726.0,1726.0,1.0,1.0,1675.0,1456.0,1739.685
JM2312,DCE,½¹Ãº2312,141158,2023-09-13,1787.5,1788.0,1718.0,0.0,1762.5,1726.0,1728.5,1726.0,15.0,16.0,1675.0,1456.0,1739.685
JM2312,DCE,½¹Ãº2312,141258,2023-09-13,1787.5,1788.0,1718.0,0.0,1762.5,1727.5,1729.5,1727.5,1.0,12.0,1678.0,1455.0,1739.665
JM2312,DCE,½¹Ãº2312,141358,2023-09-13,1787.5,1788.0,1718.0,0.0,1762.5,1728.0,1729.0,1727.5,1.0,2.0,1678.0,1455.0,1739.665
JM2312,DCE,½¹Ãº2312,141457,2023-09-13,1787.5,1788.0,1718.0,0.0,1762.5,1727.5,1729.5,1729.0,2.0,14.0,1680.0,1454.0,1739.652
JM2312,DCE,½¹Ãº2312,141555,2023-09-13,1787.5,1788.0,1718.0,0.0,1762.5,1725.0,1727.5,1725.0,15.0,9.0,1681.0,1453.0,1739.643
JM2312,DCE,½¹Ãº2312,141638,2023-09-13,1787.5,1788.0,1718.0,0.0,1762.5,1727.5,1729.0,1725.0,2.0,2.0,1681.0,1453.0,1739.643
JM2312,DCE,½¹Ãº2312,141758,2023-09-13,1787.5,1788.0,1718.0,0.0,1762.5,1729.0,1731.0,1730.5,5.0,9.0,1691.0,1451.0,1739.586
JM2312,DCE,½¹Ãº2312,141858,2023-09-13,1787.5,1788.0,1718.0,0.0,1762.5,1728.0,1730.0,1728.0,5.0,2.0,1694.0,1452.0,1739.565
JM2312,DCE,½¹Ãº2312,141957,2023-09-13,1787.5,1788.0,1718.0,0.0,1762.5,1727.0,1729.0,1728.0,17.0,1.0,1694.0,1452.0,1739.565
JM2312,DCE,½¹Ãº2312,142057,2023-09-13,1787.5,1788.0,1718.0,0.0,1762.5,1730.0,1731.5,1731.0,1.0,2.0,1699.0,1452.0,1739.539
JM2312,DCE,½¹Ãº2312,142157,2023-09-13,1787.5,1788.0,1718.0,0.0,1762.5,1732.0,1733.5,1733.0,16.0,3.0,1709.0,1452.0,1739.497
JM2312,DCE,½¹Ãº2312,142250,2023-09-13,1787.5,1788.0,1718.0,0.0,1762.5,1733.0,1734.5,1734.0,3.0,2.0,1716.0,1452.0,1739.474
JM2312,DCE,½¹Ãº2312,142357,2023-09-13,1787.5,1788.0,1718.0,0.0,1762.5,1733.0,1734.5,1734.0,11.0,3.0,1718.0,1452.0,1739.468
JM2312,DCE,½¹Ãº2312,142458,2023-09-13,1787.5,1788.0,1718.0,0.0,1762.5,1729.5,1732.0,1730.0,16.0,10.0,1747.0,1445.0,1739.309
JM2312,DCE,½¹Ãº2312,142557,2023-09-13,1787.5,1788.0,1718.0,0.0,1762.5,1730.0,1731.0,1730.0,1.0,2.0,1747.0,1445.0,1739.309
JM2312,DCE,½¹Ãº2312,142654,2023-09-13,1787.5,1788.0,1718.0,0.0,1762.5,1729.0,1731.0,1731.0,12.0,3.0,1761.0,1442.0,1739.244
JM2312,DCE,½¹Ãº2312,142758,2023-09-13,1787.5,1788.0,1718.0,0.0,1762.5,1730.0,1732.0,1731.0,1.0,14.0,1779.0,1442.0,1739.164
JM2312,DCE,½¹Ãº2312,142858,2023-09-13,1787.5,1788.0,1718.0,0.0,1762.5,1726.0,1728.0,1729.0,1.0,1.0,1783.0,1443.0,1739.142
JM2312,DCE,½¹Ãº2312,142958,2023-09-13,1787.5,1788.0,1718.0,0.0,1762.5,1727.5,1730.0,1729.0,11.0,14.0,1807.0,1442.0,1738.964
JM2312,DCE,½¹Ãº2312,143057,2023-09-13,1787.5,1788.0,1718.0,0.0,1762.5,1729.5,1731.5,1728.5,1.0,2.0,1808.0,1441.0,1738.958
JM2312,DCE,½¹Ãº2312,143153,2023-09-13,1787.5,1788.0,1718.0,0.0,1762.5,1729.0,1731.0,1728.5,1.0,1.0,1808.0,1441.0,1738.958
JM2312,DCE,½¹Ãº2312,143258,2023-09-13,1787.5,1788.0,1718.0,0.0,1762.5,1726.0,1728.5,1727.5,16.0,3.0,1809.0,1442.0,1738.952
JM2312,DCE,½¹Ãº2312,143358,2023-09-13,1787.5,1788.0,1718.0,0.0,1762.5,1722.5,1725.0,1727.5,14.0,3.0,1809.0,1442.0,1738.952
JM2312,DCE,½¹Ãº2312,143457,2023-09-13,1787.5,1788.0,1718.0,0.0,1762.5,1726.0,1727.5,1725.0,1.0,2.0,1810.0,1441.0,1738.944
JM2312,DCE,½¹Ãº2312,143556,2023-09-13,1787.5,1788.0,1718.0,0.0,1762.5,1727.5,1730.0,1725.0,12.0,12.0,1810.0,1441.0,1738.944
JM2312,DCE,½¹Ãº2312,143658,2023-09-13,1787.5,1788.0,1718.0,0.0,1762.5,1726.5,1728.5,1725.0,1.0,1.0,1810.0,1441.0,1738.944
JM2312,DCE,½¹Ãº2312,143758,2023-09-13,1787.5,1788.0,1718.0,0.0,1762.5,1730.5,1732.5,1731.5,1.0,14.0,1811.0,1441.0,1738.94
JM2312,DCE,½¹Ãº2312,143858,2023-09-13,1787.5,1788.0,1718.0,0.0,1762.5,1730.5,1732.0,1731.5,2.0,11.0,1811.0,1441.0,1738.94
JM2312,DCE,½¹Ãº2312,143958,2023-09-13,1787.5,1788.0,1718.0,0.0,1762.5,1733.0,1734.5,1734.5,4.0,1.0,1814.0,1443.0,1738.931
JM2312,DCE,½¹Ãº2312,144058,2023-09-13,1787.5,1788.0,1718.0,0.0,1762.5,1737.0,1739.5,1738.5,10.0,16.0,1835.0,1442.0,1738.91
JM2312,DCE,½¹Ãº2312,144158,2023-09-13,1787.5,1788.0,1718.0,0.0,1762.5,1736.0,1738.0,1738.5,12.0,8.0,1835.0,1442.0,1738.91
JM2312,DCE,½¹Ãº2312,144258,2023-09-13,1787.5,1788.0,1718.0,0.0,1762.5,1740.0,1740.5,1740.0,2.0,8.0,1848.0,1449.0,1738.908
JM2312,DCE,½¹Ãº2312,144358,2023-09-13,1787.5,1788.0,1718.0,0.0,1762.5,1739.0,1741.5,1741.5,2.0,16.0,1858.0,1449.0,1738.919
JM2312,DCE,½¹Ãº2312,144458,2023-09-13,1787.5,1788.0,1718.0,0.0,1762.5,1737.0,1739.0,1739.5,2.0,12.0,1863.0,1451.0,1738.921
JM2312,DCE,½¹Ãº2312,144558,2023-09-13,1787.5,1788.0,1718.0,0.0,1762.5,1737.0,1739.0,1739.5,8.0,5.0,1863.0,1451.0,1738.921
JM2312,DCE,½¹Ãº2312,144658,2023-09-13,1787.5,1788.0,1718.0,0.0,1762.5,1735.0,1737.0,1739.5,2.0,16.0,1863.0,1451.0,1738.921
JM2312,DCE,½¹Ãº2312,144758,2023-09-13,1787.5,1788.0,1718.0,0.0,1762.5,1738.5,1740.5,1739.5,11.0,2.0,1881.0,1451.0,1738.91
JM2312,DCE,½¹Ãº2312,144858,2023-09-13,1787.5,1788.0,1718.0,0.0,1762.5,1737.5,1740.0,1737.5,15.0,8.0,1882.0,1451.0,1738.909
JM2312,DCE,½¹Ãº2312,144957,2023-09-13,1787.5,1788.0,1718.0,0.0,1762.5,1739.5,1741.0,1737.5,3.0,2.0,1882.0,1451.0,1738.909
JM2312,DCE,½¹Ãº2312,145058,2023-09-13,1787.5,1788.0,1718.0,0.0,1762.5,1737.0,1739.0,1738.0,3.0,9.0,1884.0,1451.0,1738.908
JM2312,DCE,½¹Ãº2312,145159,2023-09-13,1787.5,1788.0,1718.0,0.0,1762.5,1739.0,1741.0,1738.0,12.0,6.0,1884.0,1451.0,1738.908
JM2312,DCE,½¹Ãº2312,145258,2023-09-13,1787.5,1788.0,1718.0,0.0,1762.5,1737.5,1740.0,1738.0,11.0,14.0,1886.0,1451.0,1738.907
JM2312,DCE,½¹Ãº2312,145358,2023-09-13,1787.5,1788.0,1718.0,0.0,1762.5,1739.5,1741.5,1741.5,7.0,2.0,1897.0,1450.0,1738.914
JM2312,DCE,½¹Ãº2312,145458,2023-09-13,1787.5,1788.0,1718.0,0.0,1762.5,1738.5,1740.5,1740.0,1.0,11.0,1898.0,1449.0,1738.914
JM2312,DCE,½¹Ãº2312,145556,2023-09-13,1787.5,1788.0,1718.0,0.0,1762.5,1739.5,1740.5,1740.0,1.0,2.0,1901.0,1449.0,1738.916
JM2312,DCE,½¹Ãº2312,145658,2023-09-13,1787.5,1788.0,1718.0,0.0,1762.5,1740.5,1742.0,1741.5,2.0,3.0,1907.0,1449.0,1738.923
JM2312,DCE,½¹Ãº2312,145758,2023-09-13,1787.5,1788.0,1718.0,0.0,1762.5,1743.0,1745.0,1745.0,9.0,1.0,1920.0,1448.0,1738.954
JM2312,DCE,½¹Ãº2312,145858,2023-09-13,1787.5,1788.0,1718.0,0.0,1762.5,1743.0,1745.0,1742.5,11.0,1.0,1948.0,1441.0,1739.01
JM2312,DCE,½¹Ãº2312,145957,2023-09-13,1787.5,1788.0,1718.0,0.0,1762.5,1726.5,1750.0,1745.0,15.0,1.0,1954.0,1446.0,1739.025
JM2312,DCE,½¹Ãº2312,150000,2023-09-13,1787.5,1788.0,1718.0,1745.0,1762.5,1726.5,1750.0,1745.0,15.0,1.0,1954.0,1446.0,1739.025
JM2312,DCE,½¹Ãº2312,150000,2023-09-13,1787.5,1788.0,1718.0,1745.0,1762.5,1726.5,1750.0,1745.0,15.0,1.0,1954.0,1446.0,1739.025
JM2312,DCE,½¹Ãº2312,150135,2023-09-13,1787.5,1788.0,1718.0,1745.0,1762.5,1726.5,1750.0,1745.0,15.0,1.0,1954.0,1446.0,1739.025
JM2312,DCE,½¹Ãº2312,150135,2023-09-13,1787.5,1788.0,1718.0,1745.0,1762.5,1726.5,1750.0,1745.0,15.0,1.0,1954.0,1446.0,1739.025
JM2312,DCE,½¹Ãº2312,150135,2023-09-13,1787.5,1788.0,1718.0,1745.0,1762.5,1726.5,1750.0,1745.0,15.0,1.0,1954.0,1446.0,1739.025
JM2312,DCE,½¹Ãº2312,150135,2023-09-13,1787.5,1788.0,1718.0,1745.0,1762.5,1726.5,1750.0,1745.0,15.0,1.0,1954.0,1446.0,1739.025
JM2312,DCE,½¹Ãº2312,150135,2023-09-13,1787.5,1788.0,1718.0,1745.0,1762.5,1726.5,1750.0,1745.0,15.0,1.0,1954.0,1446.0,1739.025
JM2312,DCE,½¹Ãº2312,150135,2023-09-13,1787.5,1788.0,1718.0,1745.0,1762.5,1726.5,1750.0,1745.0,15.0,1.0,1954.0,1446.0,1739.025
JM2312,DCE,½¹Ãº2312,150135,2023-09-13,1787.5,1788.0,1718.0,1745.0,1762.5,1726.5,1750.0,1745.0,15.0,1.0,1954.0,1446.0,1739.025
JM2312,DCE,½¹Ãº2312,150135,2023-09-13,1787.5,1788.0,1718.0,1745.0,1762.5,1726.5,1750.0,1745.0,15.0,1.0,1954.0,1446.0,1739.025
JM2312,DCE,½¹Ãº2312,150135,2023-09-13,1787.5,1788.0,1718.0,1745.0,1762.5,1726.5,1750.0,1745.0,15.0,1.0,1954.0,1446.0,1739.025
JM2312,DCE,½¹Ãº2312,150135,2023-09-13,1787.5,1788.0,1718.0,1745.0,1762.5,1726.5,1750.0,1745.0,15.0,1.0,1954.0,1446.0,1739.025
JM2312,DCE,½¹Ãº2312,150135,2023-09-13,1787.5,1788.0,1718.0,1745.0,1762.5,1726.5,1750.0,1745.0,15.0,1.0,1954.0,1446.0,1739.025
JM2312,DCE,½¹Ãº2312,150135,2023-09-13,1787.5,1788.0,1718.0,1745.0,1762.5,1726.5,1750.0,1745.0,15.0,1.0,1954.0,1446.0,1739.025
JM2312,DCE,½¹Ãº2312,150135,2023-09-13,1787.5,1788.0,1718.0,1745.0,1762.5,1726.5,1750.0,1745.0,15.0,1.0,1954.0,1446.0,1739.025
JM2312,DCE,½¹Ãº2312,150135,2023-09-13,1787.5,1788.0,1718.0,1745.0,1762.5,1726.5,1750.0,1745.0,15.0,1.0,1954.0,1446.0,1739.025
JM2312,DCE,½¹Ãº2312,150135,2023-09-13,1787.5,1788.0,1718.0,1745.0,1762.5,1726.5,1750.0,1745.0,15.0,1.0,1954.0,1446.0,1739.025
JM2312,DCE,½¹Ãº2312,150135,2023-09-13,1787.5,1788.0,1718.0,1745.0,1762.5,1726.5,1750.0,1745.0,15.0,1.0,1954.0,1446.0,1739.025
JM2312,DCE,½¹Ãº2312,150135,2023-09-13,1787.5,1788.0,1718.0,1745.0,1762.5,1726.5,1750.0,1745.0,15.0,1.0,1954.0,1446.0,1739.025
JM2312,DCE,½¹Ãº2312,150135,2023-09-13,1787.5,1788.0,1718.0,1745.0,1762.5,1726.5,1750.0,1745.0,15.0,1.0,1954.0,1446.0,1739.025
JM2312,DCE,½¹Ãº2312,150135,2023-09-13,1787.5,1788.0,1718.0,1745.0,1762.5,1726.5,1750.0,1745.0,15.0,1.0,1954.0,1446.0,1739.025
JM2312,DCE,½¹Ãº2312,150135,2023-09-13,1787.5,1788.0,1718.0,1745.0,1762.5,1726.5,1750.0,1745.0,15.0,1.0,1954.0,1446.0,1739.025
JM2312,DCE,½¹Ãº2312,150135,2023-09-13,1787.5,1788.0,1718.0,1745.0,1762.5,1726.5,1750.0,1745.0,15.0,1.0,1954.0,1446.0,1739.025
JM2312,DCE,½¹Ãº2312,150135,2023-09-13,1787.5,1788.0,1718.0,1745.0,1762.5,1726.5,1750.0,1745.0,15.0,1.0,1954.0,1446.0,1739.025
JM2312,DCE,½¹Ãº2312,150135,2023-09-13,1787.5,1788.0,1718.0,1745.0,1762.5,1726.5,1750.0,1745.0,15.0,1.0,1954.0,1446.0,1739.025
JM2312,DCE,½¹Ãº2312,150135,2023-09-13,1787.5,1788.0,1718.0,1745.0,1762.5,1726.5,1750.0,1745.0,15.0,1.0,1954.0,1446.0,1739.025
JM2312,DCE,½¹Ãº2312,150135,2023-09-13,1787.5,1788.0,1718.0,1745.0,1762.5,1726.5,1750.0,1745.0,15.0,1.0,1954.0,1446.0,1739.025
JM2312,DCE,½¹Ãº2312,150135,2023-09-13,1787.5,1788.0,1718.0,1745.0,1762.5,1726.5,1750.0,1745.0,15.0,1.0,1954.0,1446.0,1739.025
JM2312,DCE,½¹Ãº2312,150135,2023-09-13,1787.5,1788.0,1718.0,1745.0,1762.5,1726.5,1750.0,1745.0,15.0,1.0,1954.0,1446.0,1739.025
JM2312,DCE,½¹Ãº2312,150135,2023-09-13,1787.5,1788.0,1718.0,1745.0,1762.5,1726.5,1750.0,1745.0,15.0,1.0,1954.0,1446.0,1739.025
JM2312,DCE,½¹Ãº2312,150135,2023-09-13,1787.5,1788.0,1718.0,1745.0,1762.5,1726.5,1750.0,1745.0,15.0,1.0,1954.0,1446.0,1739.025
JM2312,DCE,½¹Ãº2312,150135,2023-09-13,1787.5,1788.0,1718.0,1745.0,1762.5,1726.5,1750.0,1745.0,15.0,1.0,1954.0,1446.0,1739.025
JM2312,DCE,½¹Ãº2312,150135,2023-09-13,1787.5,1788.0,1718.0,1745.0,1762.5,1726.5,1750.0,1745.0,15.0,1.0,1954.0,1446.0,1739.025
JM2312,DCE,½¹Ãº2312,150135,2023-09-13,1787.5,1788.0,1718.0,1745.0,1762.5,1726.5,1750.0,1745.0,15.0,1.0,1954.0,1446.0,1739.025
JM2312,DCE,½¹Ãº2312,150135,2023-09-13,1787.5,1788.0,1718.0,1745.0,1762.5,1726.5,1750.0,1745.0,15.0,1.0,1954.0,1446.0,1739.025
JM2312,DCE,½¹Ãº2312,150135,2023-09-13,1787.5,1788.0,1718.0,1745.0,1762.5,1726.5,1750.0,1745.0,15.0,1.0,1954.0,1446.0,1739.025
JM2312,DCE,½¹Ãº2312,150135,2023-09-13,1787.5,1788.0,1718.0,1745.0,1762.5,1726.5,1750.0,1745.0,15.0,1.0,1954.0,1446.0,1739.025
JM2312,DCE,½¹Ãº2312,150135,2023-09-13,1787.5,1788.0,1718.0,1745.0,1762.5,1726.5,1750.0,1745.0,15.0,1.0,1954.0,1446.0,1739.025
JM2312,DCE,½¹Ãº2312,150135,2023-09-13,1787.5,1788.0,1718.0,1745.0,1762.5,1726.5,1750.0,1745.0,15.0,1.0,1954.0,1446.0,1739.025
JM2312,DCE,½¹Ãº2312,150135,2023-09-13,1787.5,1788.0,1718.0,1745.0,1762.5,1726.5,1750.0,1745.0,15.0,1.0,1954.0,1446.0,1739.025
JM2312,DCE,½¹Ãº2312,150135,2023-09-13,1787.5,1788.0,1718.0,1745.0,1762.5,1726.5,1750.0,1745.0,15.0,1.0,1954.0,1446.0,1739.025
JM2312,DCE,½¹Ãº2312,150135,2023-09-13,1787.5,1788.0,1718.0,1745.0,1762.5,1726.5,1750.0,1745.0,15.0,1.0,1954.0,1446.0,1739.025
JM2312,DCE,½¹Ãº2312,150135,2023-09-13,1787.5,1788.0,1718.0,1745.0,1762.5,1726.5,1750.0,1745.0,15.0,1.0,1954.0,1446.0,1739.025
JM2312,DCE,½¹Ãº2312,150135,2023-09-13,1787.5,1788.0,1718.0,1745.0,1762.5,1726.5,1750.0,1745.0,15.0,1.0,1954.0,1446.0,1739.025
JM2312,DCE,½¹Ãº2312,150135,2023-09-13,1787.5,1788.0,1718.0,1745.0,1762.5,1726.5,1750.0,1745.0,15.0,1.0,1954.0,1446.0,1739.025
JM2312,DCE,½¹Ãº2312,150135,2023-09-13,1787.5,1788.0,1718.0,1745.0,1762.5,1726.5,1750.0,1745.0,15.0,1.0,1954.0,1446.0,1739.025
JM2312,DCE,½¹Ãº2312,150135,2023-09-13,1787.5,1788.0,1718.0,1745.0,1762.5,1726.5,1750.0,1745.0,15.0,1.0,1954.0,1446.0,1739.025
JM2312,DCE,½¹Ãº2312,150135,2023-09-13,1787.5,1788.0,1718.0,1745.0,1762.5,1726.5,1750.0,1745.0,15.0,1.0,1954.0,1446.0,1739.025
JM2312,DCE,½¹Ãº2312,150135,2023-09-13,1787.5,1788.0,1718.0,1745.0,1762.5,1726.5,1750.0,1745.0,15.0,1.0,1954.0,1446.0,1739.025
JM2312,DCE,½¹Ãº2312,150135,2023-09-13,1787.5,1788.0,1718.0,1745.0,1762.5,1726.5,1750.0,1745.0,15.0,1.0,1954.0,1446.0,1739.025
JM2312,DCE,½¹Ãº2312,150135,2023-09-13,1787.5,1788.0,1718.0,1745.0,1762.5,1726.5,1750.0,1745.0,15.0,1.0,1954.0,1446.0,1739.025
JM2312,DCE,½¹Ãº2312,150135,2023-09-13,1787.5,1788.0,1718.0,1745.0,1762.5,1726.5,1750.0,1745.0,15.0,1.0,1954.0,1446.0,1739.025
JM2312,DCE,½¹Ãº2312,150135,2023-09-13,1787.5,1788.0,1718.0,1745.0,1762.5,1726.5,1750.0,1745.0,15.0,1.0,1954.0,1446.0,1739.025
JM2312,DCE,½¹Ãº2312,150135,2023-09-13,1787.5,1788.0,1718.0,1745.0,1762.5,1726.5,1750.0,1745.0,15.0,1.0,1954.0,1446.0,1739.025
JM2312,DCE,½¹Ãº2312,150135,2023-09-13,1787.5,1788.0,1718.0,1745.0,1762.5,1726.5,1750.0,1745.0,15.0,1.0,1954.0,1446.0,1739.025
JM2312,DCE,½¹Ãº2312,150135,2023-09-13,1787.5,1788.0,1718.0,1745.0,1762.5,1726.5,1750.0,1745.0,15.0,1.0,1954.0,1446.0,1739.025
JM2312,DCE,½¹Ãº2312,150135,2023-09-13,1787.5,1788.0,1718.0,1745.0,1762.5,1726.5,1750.0,1745.0,15.0,1.0,1954.0,1446.0,1739.025
JM2312,DCE,½¹Ãº2312,150135,2023-09-13,1787.5,1788.0,1718.0,1745.0,1762.5,1726.5,1750.0,1745.0,15.0,1.0,1954.0,1446.0,1739.025
JM2312,DCE,½¹Ãº2312,150135,2023-09-13,1787.5,1788.0,1718.0,1745.0,1762.5,1726.5,1750.0,1745.0,15.0,1.0,1954.0,1446.0,1739.025
JM2312,DCE,½¹Ãº2312,150135,2023-09-13,1787.5,1788.0,1718.0,1745.0,1762.5,1726.5,1750.0,1745.0,15.0,1.0,1954.0,1446.0,1739.025
JM2312,DCE,½¹Ãº2312,150135,2023-09-13,1787.5,1788.0,1718.0,1745.0,1762.5,1726.5,1750.0,1745.0,15.0,1.0,1954.0,1446.0,1739.025
JM2312,DCE,½¹Ãº2312,150135,2023-09-13,1787.5,1788.0,1718.0,1745.0,1762.5,1726.5,1750.0,1745.0,15.0,1.0,1954.0,1446.0,1739.025
JM2312,DCE,½¹Ãº2312,150135,2023-09-13,1787.5,1788.0,1718.0,1745.0,1762.5,1726.5,1750.0,1745.0,15.0,1.0,1954.0,1446.0,1739.025
JM2312,DCE,½¹Ãº2312,150135,2023-09-13,1787.5,1788.0,1718.0,1745.0,1762.5,1726.5,1750.0,1745.0,15.0,1.0,1954.0,1446.0,1739.025
JM2312,DCE,½¹Ãº2312,150135,2023-09-13,1787.5,1788.0,1718.0,1745.0,1762.5,1726.5,1750.0,1745.0,15.0,1.0,1954.0,1446.0,1739.025
JM2312,DCE,½¹Ãº2312,150135,2023-09-13,1787.5,1788.0,1718.0,1745.0,1762.5,1726.5,1750.0,1745.0,15.0,1.0,1954.0,1446.0,1739.025
JM2312,DCE,½¹Ãº2312,150135,2023-09-13,1787.5,1788.0,1718.0,1745.0,1762.5,1726.5,1750.0,1745.0,15.0,1.0,1954.0,1446.0,1739.025
JM2312,DCE,½¹Ãº2312,150135,2023-09-13,1787.5,1788.0,1718.0,1745.0,1762.5,1726.5,1750.0,1745.0,15.0,1.0,1954.0,1446.0,1739.025
JM2312,DCE,½¹Ãº2312,150135,2023-09-13,1787.5,1788.0,1718.0,1745.0,1762.5,1726.5,1750.0,1745.0,15.0,1.0,1954.0,1446.0,1739.025
JM2312,DCE,½¹Ãº2312,150135,2023-09-13,1787.5,1788.0,1718.0,1745.0,1762.5,1726.5,1750.0,1745.0,15.0,1.0,1954.0,1446.0,1739.025
JM2312,DCE,½¹Ãº2312,150135,2023-09-13,1787.5,1788.0,1718.0,1745.0,1762.5,1726.5,1750.0,1745.0,15.0,1.0,1954.0,1446.0,1739.025
JM2312,DCE,½¹Ãº2312,150135,2023-09-13,1787.5,1788.0,1718.0,1745.0,1762.5,1726.5,1750.0,1745.0,15.0,1.0,1954.0,1446.0,1739.025
JM2312,DCE,½¹Ãº2312,150135,2023-09-13,1787.5,1788.0,1718.0,1745.0,1762.5,1726.5,1750.0,1745.0,15.0,1.0,1954.0,1446.0,1739.025
JM2312,DCE,½¹Ãº2312,150135,2023-09-13,1787.5,1788.0,1718.0,1745.0,1762.5,1726.5,1750.0,1745.0,15.0,1.0,1954.0,1446.0,1739.025
JM2312,DCE,½¹Ãº2312,150135,2023-09-13,1787.5,1788.0,1718.0,1745.0,1762.5,1726.5,1750.0,1745.0,15.0,1.0,1954.0,1446.0,1739.025
JM2312,DCE,½¹Ãº2312,150135,2023-09-13,1787.5,1788.0,1718.0,1745.0,1762.5,1726.5,1750.0,1745.0,15.0,1.0,1954.0,1446.0,1739.025
JM2312,DCE,½¹Ãº2312,150135,2023-09-13,1787.5,1788.0,1718.0,1745.0,1762.5,1726.5,1750.0,1745.0,15.0,1.0,1954.0,1446.0,1739.025
JM2312,DCE,½¹Ãº2312,150135,2023-09-13,1787.5,1788.0,1718.0,1745.0,1762.5,1726.5,1750.0,1745.0,15.0,1.0,1954.0,1446.0,1739.025
JM2312,DCE,½¹Ãº2312,150135,2023-09-13,1787.5,1788.0,1718.0,1745.0,1762.5,1726.5,1750.0,1745.0,15.0,1.0,1954.0,1446.0,1739.025
JM2312,DCE,½¹Ãº2312,150135,2023-09-13,1787.5,1788.0,1718.0,1745.0,1762.5,1726.5,1750.0,1745.0,15.0,1.0,1954.0,1446.0,1739.025
JM2312,DCE,½¹Ãº2312,150135,2023-09-13,1787.5,1788.0,1718.0,1745.0,1762.5,1726.5,1750.0,1745.0,15.0,1.0,1954.0,1446.0,1739.025
JM2312,DCE,½¹Ãº2312,150135,2023-09-13,1787.5,1788.0,1718.0,1745.0,1762.5,1726.5,1750.0,1745.0,15.0,1.0,1954.0,1446.0,1739.025
JM2312,DCE,½¹Ãº2312,150135,2023-09-13,1787.5,1788.0,1718.0,1745.0,1762.5,1726.5,1750.0,1745.0,15.0,1.0,1954.0,1446.0,1739.025
JM2312,DCE,½¹Ãº2312,150135,2023-09-13,1787.5,1788.0,1718.0,1745.0,1762.5,1726.5,1750.0,1745.0,15.0,1.0,1954.0,1446.0,1739.025
JM2312,DCE,½¹Ãº2312,150135,2023-09-13,1787.5,1788.0,1718.0,1745.0,1762.5,1726.5,1750.0,1745.0,15.0,1.0,1954.0,1446.0,1739.025
JM2312,DCE,½¹Ãº2312,150135,2023-09-13,1787.5,1788.0,1718.0,1745.0,1762.5,1726.5,1750.0,1745.0,15.0,1.0,1954.0,1446.0,1739.025
JM2312,DCE,½¹Ãº2312,150135,2023-09-13,1787.5,1788.0,1718.0,1745.0,1762.5,1726.5,1750.0,1745.0,15.0,1.0,1954.0,1446.0,1739.025
JM2312,DCE,½¹Ãº2312,150135,2023-09-13,1787.5,1788.0,1718.0,1745.0,1762.5,1726.5,1750.0,1745.0,15.0,1.0,1954.0,1446.0,1739.025
JM2312,DCE,½¹Ãº2312,150135,2023-09-13,1787.5,1788.0,1718.0,1745.0,1762.5,1726.5,1750.0,1745.0,15.0,1.0,1954.0,1446.0,1739.025
JM2312,DCE,½¹Ãº2312,150135,2023-09-13,1787.5,1788.0,1718.0,1745.0,1762.5,1726.5,1750.0,1745.0,15.0,1.0,1954.0,1446.0,1739.025
JM2312,DCE,½¹Ãº2312,150135,2023-09-13,1787.5,1788.0,1718.0,1745.0,1762.5,1726.5,1750.0,1745.0,15.0,1.0,1954.0,1446.0,1739.025
JM2312,DCE,½¹Ãº2312,150135,2023-09-13,1787.5,1788.0,1718.0,1745.0,1762.5,1726.5,1750.0,1745.0,15.0,1.0,1954.0,1446.0,1739.025
JM2312,DCE,½¹Ãº2312,150135,2023-09-13,1787.5,1788.0,1718.0,1745.0,1762.5,1726.5,1750.0,1745.0,15.0,1.0,1954.0,1446.0,1739.025
JM2312,DCE,½¹Ãº2312,150135,2023-09-13,1787.5,1788.0,1718.0,1745.0,1762.5,1726.5,1750.0,1745.0,15.0,1.0,1954.0,1446.0,1739.025
JM2312,DCE,½¹Ãº2312,150135,2023-09-13,1787.5,1788.0,1718.0,1745.0,1762.5,1726.5,1750.0,1745.0,15.0,1.0,1954.0,1446.0,1739.025
JM2312,DCE,½¹Ãº2312,150135,2023-09-13,1787.5,1788.0,1718.0,1745.0,1762.5,1726.5,1750.0,1745.0,15.0,1.0,1954.0,1446.0,1739.025
JM2312,DCE,½¹Ãº2312,150135,2023-09-13,1787.5,1788.0,1718.0,1745.0,1762.5,1726.5,1750.0,1745.0,15.0,1.0,1954.0,1446.0,1739.025
JM2312,DCE,½¹Ãº2312,150135,2023-09-13,1787.5,1788.0,1718.0,1745.0,1762.5,1726.5,1750.0,1745.0,15.0,1.0,1954.0,1446.0,1739.025
JM2312,DCE,½¹Ãº2312,150135,2023-09-13,1787.5,1788.0,1718.0,1745.0,1762.5,1726.5,1750.0,1745.0,15.0,1.0,1954.0,1446.0,1739.025
JM2312,DCE,½¹Ãº2312,150135,2023-09-13,1787.5,1788.0,1718.0,1745.0,1762.5,1726.5,1750.0,1745.0,15.0,1.0,1954.0,1446.0,1739.025
JM2312,DCE,½¹Ãº2312,150135,2023-09-13,1787.5,1788.0,1718.0,1745.0,1762.5,1726.5,1750.0,1745.0,15.0,1.0,1954.0,1446.0,1739.025
JM2312,DCE,½¹Ãº2312,150135,2023-09-13,1787.5,1788.0,1718.0,1745.0,1762.5,1726.5,1750.0,1745.0,15.0,1.0,1954.0,1446.0,1739.025
JM2312,DCE,½¹Ãº2312,150135,2023-09-13,1787.5,1788.0,1718.0,1745.0,1762.5,1726.5,1750.0,1745.0,15.0,1.0,1954.0,1446.0,1739.025
JM2312,DCE,½¹Ãº2312,150135,2023-09-13,1787.5,1788.0,1718.0,1745.0,1762.5,1726.5,1750.0,1745.0,15.0,1.0,1954.0,1446.0,1739.025
JM2312,DCE,½¹Ãº2312,150135,2023-09-13,1787.5,1788.0,1718.0,1745.0,1762.5,1726.5,1750.0,1745.0,15.0,1.0,1954.0,1446.0,1739.025
JM2312,DCE,½¹Ãº2312,150135,2023-09-13,1787.5,1788.0,1718.0,1745.0,1762.5,1726.5,1750.0,1745.0,15.0,1.0,1954.0,1446.0,1739.025
JM2312,DCE,½¹Ãº2312,150135,2023-09-13,1787.5,1788.0,1718.0,1745.0,1762.5,1726.5,1750.0,1745.0,15.0,1.0,1954.0,1446.0,1739.025
JM2312,DCE,½¹Ãº2312,150135,2023-09-13,1787.5,1788.0,1718.0,1745.0,1762.5,1726.5,1750.0,1745.0,15.0,1.0,1954.0,1446.0,1739.025
JM2312,DCE,½¹Ãº2312,150135,2023-09-13,1787.5,1788.0,1718.0,1745.0,1762.5,1726.5,1750.0,1745.0,15.0,1.0,1954.0,1446.0,1739.025
JM2312,DCE,½¹Ãº2312,150135,2023-09-13,1787.5,1788.0,1718.0,1745.0,1762.5,1726.5,1750.0,1745.0,15.0,1.0,1954.0,1446.0,1739.025
JM2312,DCE,½¹Ãº2312,150135,2023-09-13,1787.5,1788.0,1718.0,1745.0,1762.5,1726.5,1750.0,1745.0,15.0,1.0,1954.0,1446.0,1739.025
JM2312,DCE,½¹Ãº2312,150135,2023-09-13,1787.5,1788.0,1718.0,1745.0,1762.5,1726.5,1750.0,1745.0,15.0,1.0,1954.0,1446.0,1739.025
JM2312,DCE,½¹Ãº2312,150135,2023-09-13,1787.5,1788.0,1718.0,1745.0,1762.5,1726.5,1750.0,1745.0,15.0,1.0,1954.0,1446.0,1739.025
JM2312,DCE,½¹Ãº2312,150135,2023-09-13,1787.5,1788.0,1718.0,1745.0,1762.5,1726.5,1750.0,1745.0,15.0,1.0,1954.0,1446.0,1739.025
JM2312,DCE,½¹Ãº2312,150135,2023-09-13,1787.5,1788.0,1718.0,1745.0,1762.5,1726.5,1750.0,1745.0,15.0,1.0,1954.0,1446.0,1739.025
JM2312,DCE,½¹Ãº2312,150135,2023-09-13,1787.5,1788.0,1718.0,1745.0,1762.5,1726.5,1750.0,1745.0,15.0,1.0,1954.0,1446.0,1739.025
JM2312,DCE,½¹Ãº2312,150135,2023-09-13,1787.5,1788.0,1718.0,1745.0,1762.5,1726.5,1750.0,1745.0,15.0,1.0,1954.0,1446.0,1739.025
JM2312,DCE,½¹Ãº2312,150135,2023-09-13,1787.5,1788.0,1718.0,1745.0,1762.5,1726.5,1750.0,1745.0,15.0,1.0,1954.0,1446.0,1739.025
JM2312,DCE,½¹Ãº2312,150135,2023-09-13,1787.5,1788.0,1718.0,1745.0,1762.5,1726.5,1750.0,1745.0,15.0,1.0,1954.0,1446.0,1739.025
JM2312,DCE,½¹Ãº2312,150135,2023-09-13,1787.5,1788.0,1718.0,1745.0,1762.5,1726.5,1750.0,1745.0,15.0,1.0,1954.0,1446.0,1739.025
JM2312,DCE,½¹Ãº2312,150135,2023-09-13,1787.5,1788.0,1718.0,1745.0,1762.5,1726.5,1750.0,1745.0,15.0,1.0,1954.0,1446.0,1739.025
JM2312,DCE,½¹Ãº2312,150135,2023-09-13,1787.5,1788.0,1718.0,1745.0,1762.5,1726.5,1750.0,1745.0,15.0,1.0,1954.0,1446.0,1739.025
JM2312,DCE,½¹Ãº2312,150135,2023-09-13,1787.5,1788.0,1718.0,1745.0,1762.5,1726.5,1750.0,1745.0,15.0,1.0,1954.0,1446.0,1739.025
JM2312,DCE,½¹Ãº2312,150135,2023-09-13,1787.5,1788.0,1718.0,1745.0,1762.5,1726.5,1750.0,1745.0,15.0,1.0,1954.0,1446.0,1739.025
JM2312,DCE,½¹Ãº2312,150135,2023-09-13,1787.5,1788.0,1718.0,1745.0,1762.5,1726.5,1750.0,1745.0,15.0,1.0,1954.0,1446.0,1739.025
JM2312,DCE,½¹Ãº2312,150135,2023-09-13,1787.5,1788.0,1718.0,1745.0,1762.5,1726.5,1750.0,1745.0,15.0,1.0,1954.0,1446.0,1739.025
JM2312,DCE,½¹Ãº2312,150135,2023-09-13,1787.5,1788.0,1718.0,1745.0,1762.5,1726.5,1750.0,1745.0,15.0,1.0,1954.0,1446.0,1739.025
JM2312,DCE,½¹Ãº2312,150135,2023-09-13,1787.5,1788.0,1718.0,1745.0,1762.5,1726.5,1750.0,1745.0,15.0,1.0,1954.0,1446.0,1739.025
JM2312,DCE,½¹Ãº2312,150135,2023-09-13,1787.5,1788.0,1718.0,1745.0,1762.5,1726.5,1750.0,1745.0,15.0,1.0,1954.0,1446.0,1739.025
JM2312,DCE,½¹Ãº2312,150135,2023-09-13,1787.5,1788.0,1718.0,1745.0,1762.5,1726.5,1750.0,1745.0,15.0,1.0,1954.0,1446.0,1739.025
JM2312,DCE,½¹Ãº2312,150135,2023-09-13,1787.5,1788.0,1718.0,1745.0,1762.5,1726.5,1750.0,1745.0,15.0,1.0,1954.0,1446.0,1739.025
JM2312,DCE,½¹Ãº2312,150135,2023-09-13,1787.5,1788.0,1718.0,1745.0,1762.5,1726.5,1750.0,1745.0,15.0,1.0,1954.0,1446.0,1739.025
JM2312,DCE,½¹Ãº2312,150135,2023-09-13,1787.5,1788.0,1718.0,1745.0,1762.5,1726.5,1750.0,1745.0,15.0,1.0,1954.0,1446.0,1739.025
JM2312,DCE,½¹Ãº2312,150135,2023-09-13,1787.5,1788.0,1718.0,1745.0,1762.5,1726.5,1750.0,1745.0,15.0,1.0,1954.0,1446.0,1739.025
JM2312,DCE,½¹Ãº2312,150135,2023-09-13,1787.5,1788.0,1718.0,1745.0,1762.5,1726.5,1750.0,1745.0,15.0,1.0,1954.0,1446.0,1739.025
JM2312,DCE,½¹Ãº2312,150135,2023-09-13,1787.5,1788.0,1718.0,1745.0,1762.5,1726.5,1750.0,1745.0,15.0,1.0,1954.0,1446.0,1739.025
JM2312,DCE,½¹Ãº2312,150135,2023-09-13,1787.5,1788.0,1718.0,1745.0,1762.5,1726.5,1750.0,1745.0,15.0,1.0,1954.0,1446.0,1739.025
JM2312,DCE,½¹Ãº2312,150135,2023-09-13,1787.5,1788.0,1718.0,1745.0,1762.5,1726.5,1750.0,1745.0,15.0,1.0,1954.0,1446.0,1739.025
JM2312,DCE,½¹Ãº2312,150135,2023-09-13,1787.5,1788.0,1718.0,1745.0,1762.5,1726.5,1750.0,1745.0,15.0,1.0,1954.0,1446.0,1739.025
JM2312,DCE,½¹Ãº2312,150135,2023-09-13,1787.5,1788.0,1718.0,1745.0,1762.5,1726.5,1750.0,1745.0,15.0,1.0,1954.0,1446.0,1739.025
JM2312,DCE,½¹Ãº2312,150135,2023-09-13,1787.5,1788.0,1718.0,1745.0,1762.5,1726.5,1750.0,1745.0,15.0,1.0,1954.0,1446.0,1739.025
JM2312,DCE,½¹Ãº2312,150135,2023-09-13,1787.5,1788.0,1718.0,1745.0,1762.5,1726.5,1750.0,1745.0,15.0,1.0,1954.0,1446.0,1739.025
JM2312,DCE,½¹Ãº2312,150135,2023-09-13,1787.5,1788.0,1718.0,1745.0,1762.5,1726.5,1750.0,1745.0,15.0,1.0,1954.0,1446.0,1739.025
JM2312,DCE,½¹Ãº2312,150135,2023-09-13,1787.5,1788.0,1718.0,1745.0,1762.5,1726.5,1750.0,1745.0,15.0,1.0,1954.0,1446.0,1739.025
JM2312,DCE,½¹Ãº2312,150135,2023-09-13,1787.5,1788.0,1718.0,1745.0,1762.5,1726.5,1750.0,1745.0,15.0,1.0,1954.0,1446.0,1739.025
JM2312,DCE,½¹Ãº2312,150135,2023-09-13,1787.5,1788.0,1718.0,1745.0,1762.5,1726.5,1750.0,1745.0,15.0,1.0,1954.0,1446.0,1739.025
JM2312,DCE,½¹Ãº2312,150135,2023-09-13,1787.5,1788.0,1718.0,1745.0,1762.5,1726.5,1750.0,1745.0,15.0,1.0,1954.0,1446.0,1739.025
JM2312,DCE,½¹Ãº2312,150135,2023-09-13,1787.5,1788.0,1718.0,1745.0,1762.5,1726.5,1750.0,1745.0,15.0,1.0,1954.0,1446.0,1739.025
JM2312,DCE,½¹Ãº2312,150135,2023-09-13,1787.5,1788.0,1718.0,1745.0,1762.5,1726.5,1750.0,1745.0,15.0,1.0,1954.0,1446.0,1739.025
JM2312,DCE,½¹Ãº2312,150135,2023-09-13,1787.5,1788.0,1718.0,1745.0,1762.5,1726.5,1750.0,1745.0,15.0,1.0,1954.0,1446.0,1739.025
JM2312,DCE,½¹Ãº2312,150135,2023-09-13,1787.5,1788.0,1718.0,1745.0,1762.5,1726.5,1750.0,1745.0,15.0,1.0,1954.0,1446.0,1739.025
JM2312,DCE,½¹Ãº2312,150135,2023-09-13,1787.5,1788.0,1718.0,1745.0,1762.5,1726.5,1750.0,1745.0,15.0,1.0,1954.0,1446.0,1739.025
JM2312,DCE,½¹Ãº2312,150135,2023-09-13,1787.5,1788.0,1718.0,1745.0,1762.5,1726.5,1750.0,1745.0,15.0,1.0,1954.0,1446.0,1739.025
JM2312,DCE,½¹Ãº2312,150135,2023-09-13,1787.5,1788.0,1718.0,1745.0,1762.5,1726.5,1750.0,1745.0,15.0,1.0,1954.0,1446.0,1739.025
JM2312,DCE,½¹Ãº2312,150135,2023-09-13,1787.5,1788.0,1718.0,1745.0,1762.5,1726.5,1750.0,1745.0,15.0,1.0,1954.0,1446.0,1739.025
JM2312,DCE,½¹Ãº2312,150135,2023-09-13,1787.5,1788.0,1718.0,1745.0,1762.5,1726.5,1750.0,1745.0,15.0,1.0,1954.0,1446.0,1739.025
JM2312,DCE,½¹Ãº2312,150135,2023-09-13,1787.5,1788.0,1718.0,1745.0,1762.5,1726.5,1750.0,1745.0,15.0,1.0,1954.0,1446.0,1739.025
JM2312,DCE,½¹Ãº2312,150135,2023-09-13,1787.5,1788.0,1718.0,1745.0,1762.5,1726.5,1750.0,1745.0,15.0,1.0,1954.0,1446.0,1739.025
JM2312,DCE,½¹Ãº2312,150135,2023-09-13,1787.5,1788.0,1718.0,1745.0,1762.5,1726.5,1750.0,1745.0,15.0,1.0,1954.0,1446.0,1739.025
JM2312,DCE,½¹Ãº2312,150135,2023-09-13,1787.5,1788.0,1718.0,1745.0,1762.5,1726.5,1750.0,1745.0,15.0,1.0,1954.0,1446.0,1739.025
JM2312,DCE,½¹Ãº2312,150135,2023-09-13,1787.5,1788.0,1718.0,1745.0,1762.5,1726.5,1750.0,1745.0,15.0,1.0,1954.0,1446.0,1739.025
JM2312,DCE,½¹Ãº2312,150135,2023-09-13,1787.5,1788.0,1718.0,1745.0,1762.5,1726.5,1750.0,1745.0,15.0,1.0,1954.0,1446.0,1739.025
JM2312,DCE,½¹Ãº2312,150135,2023-09-13,1787.5,1788.0,1718.0,1745.0,1762.5,1726.5,1750.0,1745.0,15.0,1.0,1954.0,1446.0,1739.025
JM2312,DCE,½¹Ãº2312,150135,2023-09-13,1787.5,1788.0,1718.0,1745.0,1762.5,1726.5,1750.0,1745.0,15.0,1.0,1954.0,1446.0,1739.025
JM2312,DCE,½¹Ãº2312,150135,2023-09-13,1787.5,1788.0,1718.0,1745.0,1762.5,1726.5,1750.0,1745.0,15.0,1.0,1954.0,1446.0,1739.025
JM2312,DCE,½¹Ãº2312,150135,2023-09-13,1787.5,1788.0,1718.0,1745.0,1762.5,1726.5,1750.0,1745.0,15.0,1.0,1954.0,1446.0,1739.025
JM2312,DCE,½¹Ãº2312,150135,2023-09-13,1787.5,1788.0,1718.0,1745.0,1762.5,1726.5,1750.0,1745.0,15.0,1.0,1954.0,1446.0,1739.025
JM2312,DCE,½¹Ãº2312,150135,2023-09-13,1787.5,1788.0,1718.0,1745.0,1762.5,1726.5,1750.0,1745.0,15.0,1.0,1954.0,1446.0,1739.025
JM2312,DCE,½¹Ãº2312,150135,2023-09-13,1787.5,1788.0,1718.0,1745.0,1762.5,1726.5,1750.0,1745.0,15.0,1.0,1954.0,1446.0,1739.025
JM2312,DCE,½¹Ãº2312,150135,2023-09-13,1787.5,1788.0,1718.0,1745.0,1762.5,1726.5,1750.0,1745.0,15.0,1.0,1954.0,1446.0,1739.025
JM2312,DCE,½¹Ãº2312,150135,2023-09-13,1787.5,1788.0,1718.0,1745.0,1762.5,1726.5,1750.0,1745.0,15.0,1.0,1954.0,1446.0,1739.025
JM2312,DCE,½¹Ãº2312,150135,2023-09-13,1787.5,1788.0,1718.0,1745.0,1762.5,1726.5,1750.0,1745.0,15.0,1.0,1954.0,1446.0,1739.025
JM2312,DCE,½¹Ãº2312,150135,2023-09-13,1787.5,1788.0,1718.0,1745.0,1762.5,1726.5,1750.0,1745.0,15.0,1.0,1954.0,1446.0,1739.025
JM2312,DCE,½¹Ãº2312,150135,2023-09-13,1787.5,1788.0,1718.0,1745.0,1762.5,1726.5,1750.0,1745.0,15.0,1.0,1954.0,1446.0,1739.025
JM2312,DCE,½¹Ãº2312,150135,2023-09-13,1787.5,1788.0,1718.0,1745.0,1762.5,1726.5,1750.0,1745.0,15.0,1.0,1954.0,1446.0,1739.025
JM2312,DCE,½¹Ãº2312,150135,2023-09-13,1787.5,1788.0,1718.0,1745.0,1762.5,1726.5,1750.0,1745.0,15.0,1.0,1954.0,1446.0,1739.025
JM2312,DCE,½¹Ãº2312,150135,2023-09-13,1787.5,1788.0,1718.0,1745.0,1762.5,1726.5,1750.0,1745.0,15.0,1.0,1954.0,1446.0,1739.025
JM2312,DCE,½¹Ãº2312,150135,2023-09-13,1787.5,1788.0,1718.0,1745.0,1762.5,1726.5,1750.0,1745.0,15.0,1.0,1954.0,1446.0,1739.025
JM2312,DCE,½¹Ãº2312,150135,2023-09-13,1787.5,1788.0,1718.0,1745.0,1762.5,1726.5,1750.0,1745.0,15.0,1.0,1954.0,1446.0,1739.025
JM2312,DCE,½¹Ãº2312,150135,2023-09-13,1787.5,1788.0,1718.0,1745.0,1762.5,1726.5,1750.0,1745.0,15.0,1.0,1954.0,1446.0,1739.025
JM2312,DCE,½¹Ãº2312,150135,2023-09-13,1787.5,1788.0,1718.0,1745.0,1762.5,1726.5,1750.0,1745.0,15.0,1.0,1954.0,1446.0,1739.025
JM2312,DCE,½¹Ãº2312,150135,2023-09-13,1787.5,1788.0,1718.0,1745.0,1762.5,1726.5,1750.0,1745.0,15.0,1.0,1954.0,1446.0,1739.025
JM2312,DCE,½¹Ãº2312,150135,2023-09-13,1787.5,1788.0,1718.0,1745.0,1762.5,1726.5,1750.0,1745.0,15.0,1.0,1954.0,1446.0,1739.025
JM2312,DCE,½¹Ãº2312,150135,2023-09-13,1787.5,1788.0,1718.0,1745.0,1762.5,1726.5,1750.0,1745.0,15.0,1.0,1954.0,1446.0,1739.025
JM2312,DCE,½¹Ãº2312,150135,2023-09-13,1787.5,1788.0,1718.0,1745.0,1762.5,1726.5,1750.0,1745.0,15.0,1.0,1954.0,1446.0,1739.025
JM2312,DCE,½¹Ãº2312,150135,2023-09-13,1787.5,1788.0,1718.0,1745.0,1762.5,1726.5,1750.0,1745.0,15.0,1.0,1954.0,1446.0,1739.025
JM2312,DCE,½¹Ãº2312,150135,2023-09-13,1787.5,1788.0,1718.0,1745.0,1762.5,1726.5,1750.0,1745.0,15.0,1.0,1954.0,1446.0,1739.025
JM2312,DCE,½¹Ãº2312,150135,2023-09-13,1787.5,1788.0,1718.0,1745.0,1762.5,1726.5,1750.0,1745.0,15.0,1.0,1954.0,1446.0,1739.025
JM2312,DCE,½¹Ãº2312,150135,2023-09-13,1787.5,1788.0,1718.0,1745.0,1762.5,1726.5,1750.0,1745.0,15.0,1.0,1954.0,1446.0,1739.025
JM2312,DCE,½¹Ãº2312,150135,2023-09-13,1787.5,1788.0,1718.0,1745.0,1762.5,1726.5,1750.0,1745.0,15.0,1.0,1954.0,1446.0,1739.025
JM2312,DCE,½¹Ãº2312,150135,2023-09-13,1787.5,1788.0,1718.0,1745.0,1762.5,1726.5,1750.0,1745.0,15.0,1.0,1954.0,1446.0,1739.025
JM2312,DCE,½¹Ãº2312,150135,2023-09-13,1787.5,1788.0,1718.0,1745.0,1762.5,1726.5,1750.0,1745.0,15.0,1.0,1954.0,1446.0,1739.025
JM2312,DCE,½¹Ãº2312,150135,2023-09-13,1787.5,1788.0,1718.0,1745.0,1762.5,1726.5,1750.0,1745.0,15.0,1.0,1954.0,1446.0,1739.025
JM2312,DCE,½¹Ãº2312,150135,2023-09-13,1787.5,1788.0,1718.0,1745.0,1762.5,1726.5,1750.0,1745.0,15.0,1.0,1954.0,1446.0,1739.025
JM2312,DCE,½¹Ãº2312,150135,2023-09-13,1787.5,1788.0,1718.0,1745.0,1762.5,1726.5,1750.0,1745.0,15.0,1.0,1954.0,1446.0,1739.025
JM2312,DCE,½¹Ãº2312,150135,2023-09-13,1787.5,1788.0,1718.0,1745.0,1762.5,1726.5,1750.0,1745.0,15.0,1.0,1954.0,1446.0,1739.025
JM2312,DCE,½¹Ãº2312,150135,2023-09-13,1787.5,1788.0,1718.0,1745.0,1762.5,1726.5,1750.0,1745.0,15.0,1.0,1954.0,1446.0,1739.025
JM2312,DCE,½¹Ãº2312,150135,2023-09-13,1787.5,1788.0,1718.0,1745.0,1762.5,1726.5,1750.0,1745.0,15.0,1.0,1954.0,1446.0,1739.025
JM2312,DCE,½¹Ãº2312,150135,2023-09-13,1787.5,1788.0,1718.0,1745.0,1762.5,1726.5,1750.0,1745.0,15.0,1.0,1954.0,1446.0,1739.025
JM2312,DCE,½¹Ãº2312,150135,2023-09-13,1787.5,1788.0,1718.0,1745.0,1762.5,1726.5,1750.0,1745.0,15.0,1.0,1954.0,1446.0,1739.025
JM2312,DCE,½¹Ãº2312,150135,2023-09-13,1787.5,1788.0,1718.0,1745.0,1762.5,1726.5,1750.0,1745.0,15.0,1.0,1954.0,1446.0,1739.025
JM2312,DCE,½¹Ãº2312,150135,2023-09-13,1787.5,1788.0,1718.0,1745.0,1762.5,1726.5,1750.0,1745.0,15.0,1.0,1954.0,1446.0,1739.025
JM2312,DCE,½¹Ãº2312,150135,2023-09-13,1787.5,1788.0,1718.0,1745.0,1762.5,1726.5,1750.0,1745.0,15.0,1.0,1954.0,1446.0,1739.025
JM2312,DCE,½¹Ãº2312,150135,2023-09-13,1787.5,1788.0,1718.0,1745.0,1762.5,1726.5,1750.0,1745.0,15.0,1.0,1954.0,1446.0,1739.025
JM2312,DCE,½¹Ãº2312,150135,2023-09-13,1787.5,1788.0,1718.0,1745.0,1762.5,1726.5,1750.0,1745.0,15.0,1.0,1954.0,1446.0,1739.025
JM2312,DCE,½¹Ãº2312,150135,2023-09-13,1787.5,1788.0,1718.0,1745.0,1762.5,1726.5,1750.0,1745.0,15.0,1.0,1954.0,1446.0,1739.025
JM2312,DCE,½¹Ãº2312,150135,2023-09-13,1787.5,1788.0,1718.0,1745.0,1762.5,1726.5,1750.0,1745.0,15.0,1.0,1954.0,1446.0,1739.025
JM2312,DCE,½¹Ãº2312,150135,2023-09-13,1787.5,1788.0,1718.0,1745.0,1762.5,1726.5,1750.0,1745.0,15.0,1.0,1954.0,1446.0,1739.025
JM2312,DCE,½¹Ãº2312,150135,2023-09-13,1787.5,1788.0,1718.0,1745.0,1762.5,1726.5,1750.0,1745.0,15.0,1.0,1954.0,1446.0,1739.025
JM2312,DCE,½¹Ãº2312,150135,2023-09-13,1787.5,1788.0,1718.0,1745.0,1762.5,1726.5,1750.0,1745.0,15.0,1.0,1954.0,1446.0,1739.025
JM2312,DCE,½¹Ãº2312,150135,2023-09-13,1787.5,1788.0,1718.0,1745.0,1762.5,1726.5,1750.0,1745.0,15.0,1.0,1954.0,1446.0,1739.025
JM2312,DCE,½¹Ãº2312,150135,2023-09-13,1787.5,1788.0,1718.0,1745.0,1762.5,1726.5,1750.0,1745.0,15.0,1.0,1954.0,1446.0,1739.025
JM2312,DCE,½¹Ãº2312,150135,2023-09-13,1787.5,1788.0,1718.0,1745.0,1762.5,1726.5,1750.0,1745.0,15.0,1.0,1954.0,1446.0,1739.025
JM2312,DCE,½¹Ãº2312,150135,2023-09-13,1787.5,1788.0,1718.0,1745.0,1762.5,1726.5,1750.0,1745.0,15.0,1.0,1954.0,1446.0,1739.025
JM2312,DCE,½¹Ãº2312,150135,2023-09-13,1787.5,1788.0,1718.0,1745.0,1762.5,1726.5,1750.0,1745.0,15.0,1.0,1954.0,1446.0,1739.025
JM2312,DCE,½¹Ãº2312,150135,2023-09-13,1787.5,1788.0,1718.0,1745.0,1762.5,1726.5,1750.0,1745.0,15.0,1.0,1954.0,1446.0,1739.025
JM2312,DCE,½¹Ãº2312,150135,2023-09-13,1787.5,1788.0,1718.0,1745.0,1762.5,1726.5,1750.0,1745.0,15.0,1.0,1954.0,1446.0,1739.025
JM2312,DCE,½¹Ãº2312,150135,2023-09-13,1787.5,1788.0,1718.0,1745.0,1762.5,1726.5,1750.0,1745.0,15.0,1.0,1954.0,1446.0,1739.025
JM2312,DCE,½¹Ãº2312,150135,2023-09-13,1787.5,1788.0,1718.0,1745.0,1762.5,1726.5,1750.0,1745.0,15.0,1.0,1954.0,1446.0,1739.025
JM2312,DCE,½¹Ãº2312,150135,2023-09-13,1787.5,1788.0,1718.0,1745.0,1762.5,1726.5,1750.0,1745.0,15.0,1.0,1954.0,1446.0,1739.025
JM2312,DCE,½¹Ãº2312,150135,2023-09-13,1787.5,1788.0,1718.0,1745.0,1762.5,1726.5,1750.0,1745.0,15.0,1.0,1954.0,1446.0,1739.025
JM2312,DCE,½¹Ãº2312,150135,2023-09-13,1787.5,1788.0,1718.0,1745.0,1762.5,1726.5,1750.0,1745.0,15.0,1.0,1954.0,1446.0,1739.025
JM2312,DCE,½¹Ãº2312,150135,2023-09-13,1787.5,1788.0,1718.0,1745.0,1762.5,1726.5,1750.0,1745.0,15.0,1.0,1954.0,1446.0,1739.025
JM2312,DCE,½¹Ãº2312,150135,2023-09-13,1787.5,1788.0,1718.0,1745.0,1762.5,1726.5,1750.0,1745.0,15.0,1.0,1954.0,1446.0,1739.025
JM2312,DCE,½¹Ãº2312,150135,2023-09-13,1787.5,1788.0,1718.0,1745.0,1762.5,1726.5,1750.0,1745.0,15.0,1.0,1954.0,1446.0,1739.025
JM2312,DCE,½¹Ãº2312,150135,2023-09-13,1787.5,1788.0,1718.0,1745.0,1762.5,1726.5,1750.0,1745.0,15.0,1.0,1954.0,1446.0,1739.025
JM2312,DCE,½¹Ãº2312,150135,2023-09-13,1787.5,1788.0,1718.0,1745.0,1762.5,1726.5,1750.0,1745.0,15.0,1.0,1954.0,1446.0,1739.025
JM2312,DCE,½¹Ãº2312,150135,2023-09-13,1787.5,1788.0,1718.0,1745.0,1762.5,1726.5,1750.0,1745.0,15.0,1.0,1954.0,1446.0,1739.025
JM2312,DCE,½¹Ãº2312,150135,2023-09-13,1787.5,1788.0,1718.0,1745.0,1762.5,1726.5,1750.0,1745.0,15.0,1.0,1954.0,1446.0,1739.025
JM2312,DCE,½¹Ãº2312,150135,2023-09-13,1787.5,1788.0,1718.0,1745.0,1762.5,1726.5,1750.0,1745.0,15.0,1.0,1954.0,1446.0,1739.025
JM2312,DCE,½¹Ãº2312,150135,2023-09-13,1787.5,1788.0,1718.0,1745.0,1762.5,1726.5,1750.0,1745.0,15.0,1.0,1954.0,1446.0,1739.025
JM2312,DCE,½¹Ãº2312,150135,2023-09-13,1787.5,1788.0,1718.0,1745.0,1762.5,1726.5,1750.0,1745.0,15.0,1.0,1954.0,1446.0,1739.025
JM2312,DCE,½¹Ãº2312,150135,2023-09-13,1787.5,1788.0,1718.0,1745.0,1762.5,1726.5,1750.0,1745.0,15.0,1.0,1954.0,1446.0,1739.025
JM2312,DCE,½¹Ãº2312,150135,2023-09-13,1787.5,1788.0,1718.0,1745.0,1762.5,1726.5,1750.0,1745.0,15.0,1.0,1954.0,1446.0,1739.025
JM2312,DCE,½¹Ãº2312,150135,2023-09-13,1787.5,1788.0,1718.0,1745.0,1762.5,1726.5,1750.0,1745.0,15.0,1.0,1954.0,1446.0,1739.025
JM2312,DCE,½¹Ãº2312,150135,2023-09-13,1787.5,1788.0,1718.0,1745.0,1762.5,1726.5,1750.0,1745.0,15.0,1.0,1954.0,1446.0,1739.025
JM2312,DCE,½¹Ãº2312,150135,2023-09-13,1787.5,1788.0,1718.0,1745.0,1762.5,1726.5,1750.0,1745.0,15.0,1.0,1954.0,1446.0,1739.025
JM2312,DCE,½¹Ãº2312,150135,2023-09-13,1787.5,1788.0,1718.0,1745.0,1762.5,1726.5,1750.0,1745.0,15.0,1.0,1954.0,1446.0,1739.025
JM2312,DCE,½¹Ãº2312,150135,2023-09-13,1787.5,1788.0,1718.0,1745.0,1762.5,1726.5,1750.0,1745.0,15.0,1.0,1954.0,1446.0,1739.025
JM2312,DCE,½¹Ãº2312,150135,2023-09-13,1787.5,1788.0,1718.0,1745.0,1762.5,1726.5,1750.0,1745.0,15.0,1.0,1954.0,1446.0,1739.025
JM2312,DCE,½¹Ãº2312,150135,2023-09-13,1787.5,1788.0,1718.0,1745.0,1762.5,1726.5,1750.0,1745.0,15.0,1.0,1954.0,1446.0,1739.025
JM2312,DCE,½¹Ãº2312,150135,2023-09-13,1787.5,1788.0,1718.0,1745.0,1762.5,1726.5,1750.0,1745.0,15.0,1.0,1954.0,1446.0,1739.025
JM2312,DCE,½¹Ãº2312,150135,2023-09-13,1787.5,1788.0,1718.0,1745.0,1762.5,1726.5,1750.0,1745.0,15.0,1.0,1954.0,1446.0,1739.025
JM2312,DCE,½¹Ãº2312,150135,2023-09-13,1787.5,1788.0,1718.0,1745.0,1762.5,1726.5,1750.0,1745.0,15.0,1.0,1954.0,1446.0,1739.025
JM2312,DCE,½¹Ãº2312,150135,2023-09-13,1787.5,1788.0,1718.0,1745.0,1762.5,1726.5,1750.0,1745.0,15.0,1.0,1954.0,1446.0,1739.025
JM2312,DCE,½¹Ãº2312,150135,2023-09-13,1787.5,1788.0,1718.0,1745.0,1762.5,1726.5,1750.0,1745.0,15.0,1.0,1954.0,1446.0,1739.025
JM2312,DCE,½¹Ãº2312,150135,2023-09-13,1787.5,1788.0,1718.0,1745.0,1762.5,1726.5,1750.0,1745.0,15.0,1.0,1954.0,1446.0,1739.025
JM2312,DCE,½¹Ãº2312,150135,2023-09-13,1787.5,1788.0,1718.0,1745.0,1762.5,1726.5,1750.0,1745.0,15.0,1.0,1954.0,1446.0,1739.025
JM2312,DCE,½¹Ãº2312,150135,2023-09-13,1787.5,1788.0,1718.0,1745.0,1762.5,1726.5,1750.0,1745.0,15.0,1.0,1954.0,1446.0,1739.025
JM2312,DCE,½¹Ãº2312,150135,2023-09-13,1787.5,1788.0,1718.0,1745.0,1762.5,1726.5,1750.0,1745.0,15.0,1.0,1954.0,1446.0,1739.025
JM2312,DCE,½¹Ãº2312,150135,2023-09-13,1787.5,1788.0,1718.0,1745.0,1762.5,1726.5,1750.0,1745.0,15.0,1.0,1954.0,1446.0,1739.025
JM2312,DCE,½¹Ãº2312,150135,2023-09-13,1787.5,1788.0,1718.0,1745.0,1762.5,1726.5,1750.0,1745.0,15.0,1.0,1954.0,1446.0,1739.025
JM2312,DCE,½¹Ãº2312,150135,2023-09-13,1787.5,1788.0,1718.0,1745.0,1762.5,1726.5,1750.0,1745.0,15.0,1.0,1954.0,1446.0,1739.025
JM2312,DCE,½¹Ãº2312,150135,2023-09-13,1787.5,1788.0,1718.0,1745.0,1762.5,1726.5,1750.0,1745.0,15.0,1.0,1954.0,1446.0,1739.025
JM2312,DCE,½¹Ãº2312,150135,2023-09-13,1787.5,1788.0,1718.0,1745.0,1762.5,1726.5,1750.0,1745.0,15.0,1.0,1954.0,1446.0,1739.025
JM2312,DCE,½¹Ãº2312,150135,2023-09-13,1787.5,1788.0,1718.0,1745.0,1762.5,1726.5,1750.0,1745.0,15.0,1.0,1954.0,1446.0,1739.025
JM2312,DCE,½¹Ãº2312,150135,2023-09-13,1787.5,1788.0,1718.0,1745.0,1762.5,1726.5,1750.0,1745.0,15.0,1.0,1954.0,1446.0,1739.025
JM2312,DCE,½¹Ãº2312,150135,2023-09-13,1787.5,1788.0,1718.0,1745.0,1762.5,1726.5,1750.0,1745.0,15.0,1.0,1954.0,1446.0,1739.025
JM2312,DCE,½¹Ãº2312,150135,2023-09-13,1787.5,1788.0,1718.0,1745.0,1762.5,1726.5,1750.0,1745.0,15.0,1.0,1954.0,1446.0,1739.025
JM2312,DCE,½¹Ãº2312,150135,2023-09-13,1787.5,1788.0,1718.0,1745.0,1762.5,1726.5,1750.0,1745.0,15.0,1.0,1954.0,1446.0,1739.025
JM2312,DCE,½¹Ãº2312,150135,2023-09-13,1787.5,1788.0,1718.0,1745.0,1762.5,1726.5,1750.0,1745.0,15.0,1.0,1954.0,1446.0,1739.025
JM2312,DCE,½¹Ãº2312,150135,2023-09-13,1787.5,1788.0,1718.0,1745.0,1762.5,1726.5,1750.0,1745.0,15.0,1.0,1954.0,1446.0,1739.025
JM2312,DCE,½¹Ãº2312,150135,2023-09-13,1787.5,1788.0,1718.0,1745.0,1762.5,1726.5,1750.0,1745.0,15.0,1.0,1954.0,1446.0,1739.025
JM2312,DCE,½¹Ãº2312,150135,2023-09-13,1787.5,1788.0,1718.0,1745.0,1762.5,1726.5,1750.0,1745.0,15.0,1.0,1954.0,1446.0,1739.025
JM2312,DCE,½¹Ãº2312,150135,2023-09-13,1787.5,1788.0,1718.0,1745.0,1762.5,1726.5,1750.0,1745.0,15.0,1.0,1954.0,1446.0,1739.025
JM2312,DCE,½¹Ãº2312,150135,2023-09-13,1787.5,1788.0,1718.0,1745.0,1762.5,1726.5,1750.0,1745.0,15.0,1.0,1954.0,1446.0,1739.025
JM2312,DCE,½¹Ãº2312,150135,2023-09-13,1787.5,1788.0,1718.0,1745.0,1762.5,1726.5,1750.0,1745.0,15.0,1.0,1954.0,1446.0,1739.025
JM2312,DCE,½¹Ãº2312,150135,2023-09-13,1787.5,1788.0,1718.0,1745.0,1762.5,1726.5,1750.0,1745.0,15.0,1.0,1954.0,1446.0,1739.025
JM2312,DCE,½¹Ãº2312,150135,2023-09-13,1787.5,1788.0,1718.0,1745.0,1762.5,1726.5,1750.0,1745.0,15.0,1.0,1954.0,1446.0,1739.025
JM2312,DCE,½¹Ãº2312,150135,2023-09-13,1787.5,1788.0,1718.0,1745.0,1762.5,1726.5,1750.0,1745.0,15.0,1.0,1954.0,1446.0,1739.025
JM2312,DCE,½¹Ãº2312,150135,2023-09-13,1787.5,1788.0,1718.0,1745.0,1762.5,1726.5,1750.0,1745.0,15.0,1.0,1954.0,1446.0,1739.025
JM2312,DCE,½¹Ãº2312,150135,2023-09-13,1787.5,1788.0,1718.0,1745.0,1762.5,1726.5,1750.0,1745.0,15.0,1.0,1954.0,1446.0,1739.025
JM2312,DCE,½¹Ãº2312,150135,2023-09-13,1787.5,1788.0,1718.0,1745.0,1762.5,1726.5,1750.0,1745.0,15.0,1.0,1954.0,1446.0,1739.025
JM2312,DCE,½¹Ãº2312,150135,2023-09-13,1787.5,1788.0,1718.0,1745.0,1762.5,1726.5,1750.0,1745.0,15.0,1.0,1954.0,1446.0,1739.025
JM2312,DCE,½¹Ãº2312,150135,2023-09-13,1787.5,1788.0,1718.0,1745.0,1762.5,1726.5,1750.0,1745.0,15.0,1.0,1954.0,1446.0,1739.025
JM2312,DCE,½¹Ãº2312,150135,2023-09-13,1787.5,1788.0,1718.0,1745.0,1762.5,1726.5,1750.0,1745.0,15.0,1.0,1954.0,1446.0,1739.025
JM2312,DCE,½¹Ãº2312,150135,2023-09-13,1787.5,1788.0,1718.0,1745.0,1762.5,1726.5,1750.0,1745.0,15.0,1.0,1954.0,1446.0,1739.025
JM2312,DCE,½¹Ãº2312,150135,2023-09-13,1787.5,1788.0,1718.0,1745.0,1762.5,1726.5,1750.0,1745.0,15.0,1.0,1954.0,1446.0,1739.025
JM2312,DCE,½¹Ãº2312,150135,2023-09-13,1787.5,1788.0,1718.0,1745.0,1762.5,1726.5,1750.0,1745.0,15.0,1.0,1954.0,1446.0,1739.025
JM2312,DCE,½¹Ãº2312,150135,2023-09-13,1787.5,1788.0,1718.0,1745.0,1762.5,1726.5,1750.0,1745.0,15.0,1.0,1954.0,1446.0,1739.025
JM2312,DCE,½¹Ãº2312,150135,2023-09-13,1787.5,1788.0,1718.0,1745.0,1762.5,1726.5,1750.0,1745.0,15.0,1.0,1954.0,1446.0,1739.025
JM2312,DCE,½¹Ãº2312,150135,2023-09-13,1787.5,1788.0,1718.0,1745.0,1762.5,1726.5,1750.0,1745.0,15.0,1.0,1954.0,1446.0,1739.025
JM2312,DCE,½¹Ãº2312,150135,2023-09-13,1787.5,1788.0,1718.0,1745.0,1762.5,1726.5,1750.0,1745.0,15.0,1.0,1954.0,1446.0,1739.025
JM2312,DCE,½¹Ãº2312,150135,2023-09-13,1787.5,1788.0,1718.0,1745.0,1762.5,1726.5,1750.0,1745.0,15.0,1.0,1954.0,1446.0,1739.025
JM2312,DCE,½¹Ãº2312,150135,2023-09-13,1787.5,1788.0,1718.0,1745.0,1762.5,1726.5,1750.0,1745.0,15.0,1.0,1954.0,1446.0,1739.025
JM2312,DCE,½¹Ãº2312,150135,2023-09-13,1787.5,1788.0,1718.0,1745.0,1762.5,1726.5,1750.0,1745.0,15.0,1.0,1954.0,1446.0,1739.025
JM2312,DCE,½¹Ãº2312,150135,2023-09-13,1787.5,1788.0,1718.0,1745.0,1762.5,1726.5,1750.0,1745.0,15.0,1.0,1954.0,1446.0,1739.025
JM2312,DCE,½¹Ãº2312,150135,2023-09-13,1787.5,1788.0,1718.0,1745.0,1762.5,1726.5,1750.0,1745.0,15.0,1.0,1954.0,1446.0,1739.025
JM2312,DCE,½¹Ãº2312,150135,2023-09-13,1787.5,1788.0,1718.0,1745.0,1762.5,1726.5,1750.0,1745.0,15.0,1.0,1954.0,1446.0,1739.025
JM2312,DCE,½¹Ãº2312,150135,2023-09-13,1787.5,1788.0,1718.0,1745.0,1762.5,1726.5,1750.0,1745.0,15.0,1.0,1954.0,1446.0,1739.025
JM2312,DCE,½¹Ãº2312,150135,2023-09-13,1787.5,1788.0,1718.0,1745.0,1762.5,1726.5,1750.0,1745.0,15.0,1.0,1954.0,1446.0,1739.025
JM2312,DCE,½¹Ãº2312,150135,2023-09-13,1787.5,1788.0,1718.0,1745.0,1762.5,1726.5,1750.0,1745.0,15.0,1.0,1954.0,1446.0,1739.025
JM2312,DCE,½¹Ãº2312,150135,2023-09-13,1787.5,1788.0,1718.0,1745.0,1762.5,1726.5,1750.0,1745.0,15.0,1.0,1954.0,1446.0,1739.025
JM2312,DCE,½¹Ãº2312,150135,2023-09-13,1787.5,1788.0,1718.0,1745.0,1762.5,1726.5,1750.0,1745.0,15.0,1.0,1954.0,1446.0,1739.025
JM2312,DCE,½¹Ãº2312,150135,2023-09-13,1787.5,1788.0,1718.0,1745.0,1762.5,1726.5,1750.0,1745.0,15.0,1.0,1954.0,1446.0,1739.025
JM2312,DCE,½¹Ãº2312,150135,2023-09-13,1787.5,1788.0,1718.0,1745.0,1762.5,1726.5,1750.0,1745.0,15.0,1.0,1954.0,1446.0,1739.025
JM2312,DCE,½¹Ãº2312,150135,2023-09-13,1787.5,1788.0,1718.0,1745.0,1762.5,1726.5,1750.0,1745.0,15.0,1.0,1954.0,1446.0,1739.025
JM2312,DCE,½¹Ãº2312,150135,2023-09-13,1787.5,1788.0,1718.0,1745.0,1762.5,1726.5,1750.0,1745.0,15.0,1.0,1954.0,1446.0,1739.025
JM2312,DCE,½¹Ãº2312,150135,2023-09-13,1787.5,1788.0,1718.0,1745.0,1762.5,1726.5,1750.0,1745.0,15.0,1.0,1954.0,1446.0,1739.025
JM2312,DCE,½¹Ãº2312,150135,2023-09-13,1787.5,1788.0,1718.0,1745.0,1762.5,1726.5,1750.0,1745.0,15.0,1.0,1954.0,1446.0,1739.025
JM2312,DCE,½¹Ãº2312,150135,2023-09-13,1787.5,1788.0,1718.0,1745.0,1762.5,1726.5,1750.0,1745.0,15.0,1.0,1954.0,1446.0,1739.025
JM2312,DCE,½¹Ãº2312,150135,2023-09-13,1787.5,1788.0,1718.0,1745.0,1762.5,1726.5,1750.0,1745.0,15.0,1.0,1954.0,1446.0,1739.025
JM2312,DCE,½¹Ãº2312,150135,2023-09-13,1787.5,1788.0,1718.0,1745.0,1762.5,1726.5,1750.0,1745.0,15.0,1.0,1954.0,1446.0,1739.025
JM2312,DCE,½¹Ãº2312,150135,2023-09-13,1787.5,1788.0,1718.0,1745.0,1762.5,1726.5,1750.0,1745.0,15.0,1.0,1954.0,1446.0,1739.025
JM2312,DCE,½¹Ãº2312,150135,2023-09-13,1787.5,1788.0,1718.0,1745.0,1762.5,1726.5,1750.0,1745.0,15.0,1.0,1954.0,1446.0,1739.025
JM2312,DCE,½¹Ãº2312,150135,2023-09-13,1787.5,1788.0,1718.0,1745.0,1762.5,1726.5,1750.0,1745.0,15.0,1.0,1954.0,1446.0,1739.025
JM2312,DCE,½¹Ãº2312,150135,2023-09-13,1787.5,1788.0,1718.0,1745.0,1762.5,1726.5,1750.0,1745.0,15.0,1.0,1954.0,1446.0,1739.025
JM2312,DCE,½¹Ãº2312,150135,2023-09-13,1787.5,1788.0,1718.0,1745.0,1762.5,1726.5,1750.0,1745.0,15.0,1.0,1954.0,1446.0,1739.025
JM2312,DCE,½¹Ãº2312,150135,2023-09-13,1787.5,1788.0,1718.0,1745.0,1762.5,1726.5,1750.0,1745.0,15.0,1.0,1954.0,1446.0,1739.025
JM2312,DCE,½¹Ãº2312,150135,2023-09-13,1787.5,1788.0,1718.0,1745.0,1762.5,1726.5,1750.0,1745.0,15.0,1.0,1954.0,1446.0,1739.025
JM2312,DCE,½¹Ãº2312,150135,2023-09-13,1787.5,1788.0,1718.0,1745.0,1762.5,1726.5,1750.0,1745.0,15.0,1.0,1954.0,1446.0,1739.025
JM2312,DCE,½¹Ãº2312,150135,2023-09-13,1787.5,1788.0,1718.0,1745.0,1762.5,1726.5,1750.0,1745.0,15.0,1.0,1954.0,1446.0,1739.025
JM2312,DCE,½¹Ãº2312,150135,2023-09-13,1787.5,1788.0,1718.0,1745.0,1762.5,1726.5,1750.0,1745.0,15.0,1.0,1954.0,1446.0,1739.025
JM2312,DCE,½¹Ãº2312,150135,2023-09-13,1787.5,1788.0,1718.0,1745.0,1762.5,1726.5,1750.0,1745.0,15.0,1.0,1954.0,1446.0,1739.025
JM2312,DCE,½¹Ãº2312,150135,2023-09-13,1787.5,1788.0,1718.0,1745.0,1762.5,1726.5,1750.0,1745.0,15.0,1.0,1954.0,1446.0,1739.025
JM2312,DCE,½¹Ãº2312,150135,2023-09-13,1787.5,1788.0,1718.0,1745.0,1762.5,1726.5,1750.0,1745.0,15.0,1.0,1954.0,1446.0,1739.025
JM2312,DCE,½¹Ãº2312,150135,2023-09-13,1787.5,1788.0,1718.0,1745.0,1762.5,1726.5,1750.0,1745.0,15.0,1.0,1954.0,1446.0,1739.025
JM2312,DCE,½¹Ãº2312,150135,2023-09-13,1787.5,1788.0,1718.0,1745.0,1762.5,1726.5,1750.0,1745.0,15.0,1.0,1954.0,1446.0,1739.025
JM2312,DCE,½¹Ãº2312,150135,2023-09-13,1787.5,1788.0,1718.0,1745.0,1762.5,1726.5,1750.0,1745.0,15.0,1.0,1954.0,1446.0,1739.025
JM2312,DCE,½¹Ãº2312,150135,2023-09-13,1787.5,1788.0,1718.0,1745.0,1762.5,1726.5,1750.0,1745.0,15.0,1.0,1954.0,1446.0,1739.025
JM2312,DCE,½¹Ãº2312,150135,2023-09-13,1787.5,1788.0,1718.0,1745.0,1762.5,1726.5,1750.0,1745.0,15.0,1.0,1954.0,1446.0,1739.025
JM2312,DCE,½¹Ãº2312,150135,2023-09-13,1787.5,1788.0,1718.0,1745.0,1762.5,1726.5,1750.0,1745.0,15.0,1.0,1954.0,1446.0,1739.025
JM2312,DCE,½¹Ãº2312,150135,2023-09-13,1787.5,1788.0,1718.0,1745.0,1762.5,1726.5,1750.0,1745.0,15.0,1.0,1954.0,1446.0,1739.025
JM2312,DCE,½¹Ãº2312,150135,2023-09-13,1787.5,1788.0,1718.0,1745.0,1762.5,1726.5,1750.0,1745.0,15.0,1.0,1954.0,1446.0,1739.025
JM2312,DCE,½¹Ãº2312,150135,2023-09-13,1787.5,1788.0,1718.0,1745.0,1762.5,1726.5,1750.0,1745.0,15.0,1.0,1954.0,1446.0,1739.025
JM2312,DCE,½¹Ãº2312,150135,2023-09-13,1787.5,1788.0,1718.0,1745.0,1762.5,1726.5,1750.0,1745.0,15.0,1.0,1954.0,1446.0,1739.025
JM2312,DCE,½¹Ãº2312,150135,2023-09-13,1787.5,1788.0,1718.0,1745.0,1762.5,1726.5,1750.0,1745.0,15.0,1.0,1954.0,1446.0,1739.025
JM2312,DCE,½¹Ãº2312,150135,2023-09-13,1787.5,1788.0,1718.0,1745.0,1762.5,1726.5,1750.0,1745.0,15.0,1.0,1954.0,1446.0,1739.025
JM2312,DCE,½¹Ãº2312,150135,2023-09-13,1787.5,1788.0,1718.0,1745.0,1762.5,1726.5,1750.0,1745.0,15.0,1.0,1954.0,1446.0,1739.025
JM2312,DCE,½¹Ãº2312,150135,2023-09-13,1787.5,1788.0,1718.0,1745.0,1762.5,1726.5,1750.0,1745.0,15.0,1.0,1954.0,1446.0,1739.025
JM2312,DCE,½¹Ãº2312,150135,2023-09-13,1787.5,1788.0,1718.0,1745.0,1762.5,1726.5,1750.0,1745.0,15.0,1.0,1954.0,1446.0,1739.025
JM2312,DCE,½¹Ãº2312,150135,2023-09-13,1787.5,1788.0,1718.0,1745.0,1762.5,1726.5,1750.0,1745.0,15.0,1.0,1954.0,1446.0,1739.025
JM2312,DCE,½¹Ãº2312,150135,2023-09-13,1787.5,1788.0,1718.0,1745.0,1762.5,1726.5,1750.0,1745.0,15.0,1.0,1954.0,1446.0,1739.025
JM2312,DCE,½¹Ãº2312,150135,2023-09-13,1787.5,1788.0,1718.0,1745.0,1762.5,1726.5,1750.0,1745.0,15.0,1.0,1954.0,1446.0,1739.025
JM2312,DCE,½¹Ãº2312,150135,2023-09-13,1787.5,1788.0,1718.0,1745.0,1762.5,1726.5,1750.0,1745.0,15.0,1.0,1954.0,1446.0,1739.025
JM2312,DCE,½¹Ãº2312,150135,2023-09-13,1787.5,1788.0,1718.0,1745.0,1762.5,1726.5,1750.0,1745.0,15.0,1.0,1954.0,1446.0,1739.025
JM2312,DCE,½¹Ãº2312,150135,2023-09-13,1787.5,1788.0,1718.0,1745.0,1762.5,1726.5,1750.0,1745.0,15.0,1.0,1954.0,1446.0,1739.025
JM2312,DCE,½¹Ãº2312,150135,2023-09-13,1787.5,1788.0,1718.0,1745.0,1762.5,1726.5,1750.0,1745.0,15.0,1.0,1954.0,1446.0,1739.025
JM2312,DCE,½¹Ãº2312,150135,2023-09-13,1787.5,1788.0,1718.0,1745.0,1762.5,1726.5,1750.0,1745.0,15.0,1.0,1954.0,1446.0,1739.025
JM2312,DCE,½¹Ãº2312,150135,2023-09-13,1787.5,1788.0,1718.0,1745.0,1762.5,1726.5,1750.0,1745.0,15.0,1.0,1954.0,1446.0,1739.025
JM2312,DCE,½¹Ãº2312,150135,2023-09-13,1787.5,1788.0,1718.0,1745.0,1762.5,1726.5,1750.0,1745.0,15.0,1.0,1954.0,1446.0,1739.025
JM2312,DCE,½¹Ãº2312,150135,2023-09-13,1787.5,1788.0,1718.0,1745.0,1762.5,1726.5,1750.0,1745.0,15.0,1.0,1954.0,1446.0,1739.025
JM2312,DCE,½¹Ãº2312,150135,2023-09-13,1787.5,1788.0,1718.0,1745.0,1762.5,1726.5,1750.0,1745.0,15.0,1.0,1954.0,1446.0,1739.025
JM2312,DCE,½¹Ãº2312,150135,2023-09-13,1787.5,1788.0,1718.0,1745.0,1762.5,1726.5,1750.0,1745.0,15.0,1.0,1954.0,1446.0,1739.025
JM2312,DCE,½¹Ãº2312,150135,2023-09-13,1787.5,1788.0,1718.0,1745.0,1762.5,1726.5,1750.0,1745.0,15.0,1.0,1954.0,1446.0,1739.025
JM2312,DCE,½¹Ãº2312,150135,2023-09-13,1787.5,1788.0,1718.0,1745.0,1762.5,1726.5,1750.0,1745.0,15.0,1.0,1954.0,1446.0,1739.025
JM2312,DCE,½¹Ãº2312,150135,2023-09-13,1787.5,1788.0,1718.0,1745.0,1762.5,1726.5,1750.0,1745.0,15.0,1.0,1954.0,1446.0,1739.025
JM2312,DCE,½¹Ãº2312,150135,2023-09-13,1787.5,1788.0,1718.0,1745.0,1762.5,1726.5,1750.0,1745.0,15.0,1.0,1954.0,1446.0,1739.025
JM2312,DCE,½¹Ãº2312,150135,2023-09-13,1787.5,1788.0,1718.0,1745.0,1762.5,1726.5,1750.0,1745.0,15.0,1.0,1954.0,1446.0,1739.025
JM2312,DCE,½¹Ãº2312,150135,2023-09-13,1787.5,1788.0,1718.0,1745.0,1762.5,1726.5,1750.0,1745.0,15.0,1.0,1954.0,1446.0,1739.025
JM2312,DCE,½¹Ãº2312,150135,2023-09-13,1787.5,1788.0,1718.0,1745.0,1762.5,1726.5,1750.0,1745.0,15.0,1.0,1954.0,1446.0,1739.025
JM2312,DCE,½¹Ãº2312,150135,2023-09-13,1787.5,1788.0,1718.0,1745.0,1762.5,1726.5,1750.0,1745.0,15.0,1.0,1954.0,1446.0,1739.025
JM2312,DCE,½¹Ãº2312,150135,2023-09-13,1787.5,1788.0,1718.0,1745.0,1762.5,1726.5,1750.0,1745.0,15.0,1.0,1954.0,1446.0,1739.025
JM2312,DCE,½¹Ãº2312,150135,2023-09-13,1787.5,1788.0,1718.0,1745.0,1762.5,1726.5,1750.0,1745.0,15.0,1.0,1954.0,1446.0,1739.025
JM2312,DCE,½¹Ãº2312,150135,2023-09-13,1787.5,1788.0,1718.0,1745.0,1762.5,1726.5,1750.0,1745.0,15.0,1.0,1954.0,1446.0,1739.025
JM2312,DCE,½¹Ãº2312,150135,2023-09-13,1787.5,1788.0,1718.0,1745.0,1762.5,1726.5,1750.0,1745.0,15.0,1.0,1954.0,1446.0,1739.025
JM2312,DCE,½¹Ãº2312,150135,2023-09-13,1787.5,1788.0,1718.0,1745.0,1762.5,1726.5,1750.0,1745.0,15.0,1.0,1954.0,1446.0,1739.025
JM2312,DCE,½¹Ãº2312,150135,2023-09-13,1787.5,1788.0,1718.0,1745.0,1762.5,1726.5,1750.0,1745.0,15.0,1.0,1954.0,1446.0,1739.025
JM2312,DCE,½¹Ãº2312,150135,2023-09-13,1787.5,1788.0,1718.0,1745.0,1762.5,1726.5,1750.0,1745.0,15.0,1.0,1954.0,1446.0,1739.025
JM2312,DCE,½¹Ãº2312,150135,2023-09-13,1787.5,1788.0,1718.0,1745.0,1762.5,1726.5,1750.0,1745.0,15.0,1.0,1954.0,1446.0,1739.025
JM2312,DCE,½¹Ãº2312,150135,2023-09-13,1787.5,1788.0,1718.0,1745.0,1762.5,1726.5,1750.0,1745.0,15.0,1.0,1954.0,1446.0,1739.025
JM2312,DCE,½¹Ãº2312,210057,2023-09-13,1761.0,1769.0,1756.5,0.0,1739.0,1755.0,1770.5,1756.5,1.0,2.0,11.0,1453.0,1760.955
JM2312,DCE,½¹Ãº2312,210153,2023-09-13,1761.0,1772.0,1756.5,0.0,1739.0,1765.5,1772.0,1772.0,1.0,2.0,12.0,1453.0,1761.875
JM2312,DCE,½¹Ãº2312,210258,2023-09-13,1761.0,1772.0,1756.5,0.0,1739.0,1767.5,1772.0,1769.5,1.0,1.0,14.0,1453.0,1763.071
JM2312,DCE,½¹Ãº2312,210358,2023-09-13,1761.0,1772.0,1756.5,0.0,1739.0,1766.5,1768.5,1767.5,9.0,1.0,15.0,1453.0,1763.367
JM2312,DCE,½¹Ãº2312,210459,2023-09-13,1761.0,1772.0,1756.5,0.0,1739.0,1765.0,1766.5,1766.0,10.0,1.0,32.0,1446.0,1765.172
JM2312,DCE,½¹Ãº2312,210558,2023-09-13,1761.0,1772.0,1756.5,0.0,1739.0,1764.0,1766.0,1764.5,15.0,2.0,53.0,1446.0,1765.491
JM2312,DCE,½¹Ãº2312,210659,2023-09-13,1761.0,1772.0,1756.5,0.0,1739.0,1761.0,1763.5,1761.5,11.0,2.0,65.0,1448.0,1764.938
JM2312,DCE,½¹Ãº2312,210759,2023-09-13,1761.0,1772.0,1756.5,0.0,1739.0,1757.5,1759.5,1759.0,1.0,7.0,71.0,1447.0,1764.5
JM2312,DCE,½¹Ãº2312,210859,2023-09-13,1761.0,1772.0,1756.5,0.0,1739.0,1757.5,1759.0,1758.5,5.0,3.0,73.0,1447.0,1764.342
JM2312,DCE,½¹Ãº2312,210959,2023-09-13,1761.0,1772.0,1756.5,0.0,1739.0,1758.0,1760.0,1759.0,2.0,3.0,74.0,1448.0,1764.27
JM2312,DCE,½¹Ãº2312,211059,2023-09-13,1761.0,1772.0,1756.5,0.0,1739.0,1759.5,1761.5,1759.0,2.0,2.0,78.0,1448.0,1764.019
JM2312,DCE,½¹Ãº2312,211159,2023-09-13,1761.0,1772.0,1756.5,0.0,1739.0,1756.5,1758.5,1761.0,14.0,2.0,79.0,1449.0,1763.981
JM2312,DCE,½¹Ãº2312,211259,2023-09-13,1761.0,1772.0,1756.5,0.0,1739.0,1752.5,1755.0,1761.0,7.0,5.0,79.0,1449.0,1763.981
JM2312,DCE,½¹Ãº2312,211359,2023-09-13,1761.0,1772.0,1753.5,0.0,1739.0,1749.0,1751.0,1753.5,11.0,2.0,82.0,1448.0,1763.598
JM2312,DCE,½¹Ãº2312,211459,2023-09-13,1761.0,1772.0,1751.0,0.0,1739.0,1750.5,1753.0,1751.5,7.0,8.0,84.0,1447.0,1763.304
JM2312,DCE,½¹Ãº2312,211559,2023-09-13,1761.0,1772.0,1751.0,0.0,1739.0,1754.5,1757.0,1754.5,4.0,11.0,85.0,1447.0,1763.2
JM2312,DCE,½¹Ãº2312,211657,2023-09-13,1761.0,1772.0,1751.0,0.0,1739.0,1755.5,1756.5,1756.5,2.0,1.0,92.0,1448.0,1762.69
JM2312,DCE,½¹Ãº2312,211759,2023-09-13,1761.0,1772.0,1751.0,0.0,1739.0,1755.5,1757.0,1756.5,12.0,1.0,93.0,1448.0,1762.624
JM2312,DCE,½¹Ãº2312,211857,2023-09-13,1761.0,1772.0,1751.0,0.0,1739.0,1755.0,1757.0,1757.0,1.0,2.0,94.0,1449.0,1762.564
JM2312,DCE,½¹Ãº2312,211958,2023-09-13,1761.0,1772.0,1751.0,0.0,1739.0,1752.5,1754.5,1757.0,8.0,2.0,94.0,1449.0,1762.564
JM2312,DCE,½¹Ãº2312,212058,2023-09-13,1761.0,1772.0,1751.0,0.0,1739.0,1754.5,1757.0,1757.0,3.0,12.0,94.0,1449.0,1762.564
JM2312,DCE,½¹Ãº2312,212158,2023-09-13,1761.0,1772.0,1751.0,0.0,1739.0,1752.5,1754.5,1754.0,8.0,3.0,96.0,1447.0,1762.417
JM2312,DCE,½¹Ãº2312,212258,2023-09-13,1761.0,1772.0,1751.0,0.0,1739.0,1755.5,1756.5,1754.0,1.0,3.0,96.0,1447.0,1762.417
JM2312,DCE,½¹Ãº2312,212358,2023-09-13,1761.0,1772.0,1751.0,0.0,1739.0,1757.5,1759.5,1757.5,5.0,11.0,104.0,1445.0,1762.0
JM2312,DCE,½¹Ãº2312,212459,2023-09-13,1761.0,1772.0,1751.0,0.0,1739.0,1756.5,1758.5,1757.5,4.0,14.0,104.0,1445.0,1762.0
JM2312,DCE,½¹Ãº2312,212558,2023-09-13,1761.0,1772.0,1751.0,0.0,1739.0,1758.0,1760.0,1757.5,4.0,10.0,104.0,1445.0,1762.0
JM2312,DCE,½¹Ãº2312,212658,2023-09-13,1761.0,1772.0,1751.0,0.0,1739.0,1757.5,1759.5,1758.5,1.0,15.0,105.0,1446.0,1761.967
JM2312,DCE,½¹Ãº2312,212749,2023-09-13,1761.0,1772.0,1751.0,0.0,1739.0,1759.0,1761.0,1759.0,8.0,14.0,107.0,1445.0,1761.911
JM2312,DCE,½¹Ãº2312,212858,2023-09-13,1761.0,1772.0,1751.0,0.0,1739.0,1756.5,1758.5,1758.5,4.0,16.0,116.0,1447.0,1761.621
JM2312,DCE,½¹Ãº2312,212958,2023-09-13,1761.0,1772.0,1751.0,0.0,1739.0,1752.0,1754.0,1756.5,6.0,1.0,117.0,1447.0,1761.577
JM2312,DCE,½¹Ãº2312,213058,2023-09-13,1761.0,1772.0,1751.0,0.0,1739.0,1754.0,1755.5,1755.0,15.0,2.0,118.0,1448.0,1761.521
JM2312,DCE,½¹Ãº2312,213156,2023-09-13,1761.0,1772.0,1751.0,0.0,1739.0,1754.0,1756.0,1756.0,5.0,7.0,119.0,1448.0,1761.475
JM2312,DCE,½¹Ãº2312,213259,2023-09-13,1761.0,1772.0,1751.0,0.0,1739.0,1755.0,1757.5,1756.0,13.0,18.0,120.0,1448.0,1761.429
JM2312,DCE,½¹Ãº2312,213358,2023-09-13,1761.0,1772.0,1751.0,0.0,1739.0,1753.0,1755.0,1756.0,1.0,15.0,120.0,1448.0,1761.429
JM2312,DCE,½¹Ãº2312,213458,2023-09-13,1761.0,1772.0,1751.0,0.0,1739.0,1752.5,1754.5,1754.0,14.0,1.0,127.0,1450.0,1761.02
JM2312,DCE,½¹Ãº2312,213559,2023-09-13,1761.0,1772.0,1749.0,0.0,1739.0,1748.5,1749.5,1749.0,9.0,1.0,193.0,1440.0,1757.199
JM2312,DCE,½¹Ãº2312,213658,2023-09-13,1761.0,1772.0,1748.0,0.0,1739.0,1750.5,1752.0,1750.5,1.0,11.0,208.0,1436.0,1756.587
JM2312,DCE,½¹Ãº2312,213758,2023-09-13,1761.0,1772.0,1747.0,0.0,1739.0,1749.0,1751.0,1750.0,11.0,6.0,267.0,1432.0,1754.755
JM2312,DCE,½¹Ãº2312,213857,2023-09-13,1761.0,1772.0,1747.0,0.0,1739.0,1749.5,1751.5,1749.5,1.0,9.0,274.0,1432.0,1754.628
JM2312,DCE,½¹Ãº2312,213958,2023-09-13,1761.0,1772.0,1747.0,0.0,1739.0,1751.5,1753.0,1752.5,2.0,3.0,279.0,1433.0,1754.582
JM2312,DCE,½¹Ãº2312,214057,2023-09-13,1761.0,1772.0,1747.0,0.0,1739.0,1749.5,1751.5,1752.5,11.0,1.0,279.0,1433.0,1754.582
JM2312,DCE,½¹Ãº2312,214157,2023-09-13,1761.0,1772.0,1747.0,0.0,1739.0,1748.0,1750.0,1749.5,15.0,8.0,280.0,1433.0,1754.564
JM2312,DCE,½¹Ãº2312,214259,2023-09-13,1761.0,1772.0,1747.0,0.0,1739.0,1746.0,1748.0,1748.5,21.0,5.0,285.0,1433.0,1754.458
JM2312,DCE,½¹Ãº2312,214352,2023-09-13,1761.0,1772.0,1747.0,0.0,1739.0,1745.0,1747.0,1748.5,2.0,3.0,285.0,1433.0,1754.458
JM2312,DCE,½¹Ãº2312,214451,2023-09-13,1761.0,1772.0,1747.0,0.0,1739.0,1748.0,1750.0,1748.5,16.0,8.0,285.0,1433.0,1754.458
JM2312,DCE,½¹Ãº2312,214557,2023-09-13,1761.0,1772.0,1747.0,0.0,1739.0,1748.0,1750.5,1750.5,16.0,7.0,287.0,1431.0,1754.43
JM2312,DCE,½¹Ãº2312,214658,2023-09-13,1761.0,1772.0,1747.0,0.0,1739.0,1743.5,1745.5,1750.5,20.0,3.0,287.0,1431.0,1754.43
JM2312,DCE,½¹Ãº2312,214759,2023-09-13,1761.0,1772.0,1744.5,0.0,1739.0,1744.0,1745.5,1744.5,15.0,1.0,290.0,1431.0,1754.336
JM2312,DCE,½¹Ãº2312,214859,2023-09-13,1761.0,1772.0,1743.0,0.0,1739.0,1742.5,1745.0,1743.0,15.0,12.0,313.0,1431.0,1753.581
JM2312,DCE,½¹Ãº2312,214959,2023-09-13,1761.0,1772.0,1743.0,0.0,1739.0,1741.5,1743.5,1743.0,1.0,12.0,315.0,1432.0,1753.514
JM2312,DCE,½¹Ãº2312,215058,2023-09-13,1761.0,1772.0,1743.0,0.0,1739.0,1744.0,1745.5,1745.0,6.0,1.0,324.0,1434.0,1753.267
JM2312,DCE,½¹Ãº2312,215159,2023-09-13,1761.0,1772.0,1743.0,0.0,1739.0,1743.5,1745.0,1745.0,4.0,1.0,324.0,1434.0,1753.267
JM2312,DCE,½¹Ãº2312,215259,2023-09-13,1761.0,1772.0,1743.0,0.0,1739.0,1741.0,1743.0,1743.5,12.0,4.0,329.0,1434.0,1753.119
JM2312,DCE,½¹Ãº2312,215358,2023-09-13,1761.0,1772.0,1742.5,0.0,1739.0,1743.0,1745.0,1742.5,12.0,2.0,332.0,1436.0,1753.023
JM2312,DCE,½¹Ãº2312,215459,2023-09-13,1761.0,1772.0,1742.5,0.0,1739.0,1744.0,1746.0,1744.0,7.0,11.0,335.0,1436.0,1752.945
JM2312,DCE,½¹Ãº2312,215559,2023-09-13,1761.0,1772.0,1742.5,0.0,1739.0,1745.5,1747.0,1744.0,4.0,1.0,335.0,1436.0,1752.945
JM2312,DCE,½¹Ãº2312,215657,2023-09-13,1761.0,1772.0,1742.5,0.0,1739.0,1746.0,1747.5,1746.5,2.0,3.0,336.0,1437.0,1752.926
JM2312,DCE,½¹Ãº2312,215758,2023-09-13,1761.0,1772.0,1742.5,0.0,1739.0,1743.5,1746.0,1746.5,14.0,13.0,336.0,1437.0,1752.926
JM2312,DCE,½¹Ãº2312,215858,2023-09-13,1761.0,1772.0,1742.5,0.0,1739.0,1745.0,1747.0,1745.5,8.0,2.0,337.0,1438.0,1752.904
JM2312,DCE,½¹Ãº2312,215957,2023-09-13,1761.0,1772.0,1742.5,0.0,1739.0,1747.5,1749.5,1747.5,3.0,11.0,338.0,1438.0,1752.888
JM2312,DCE,½¹Ãº2312,220057,2023-09-13,1761.0,1772.0,1742.5,0.0,1739.0,1746.5,1748.5,1748.0,9.0,8.0,339.0,1438.0,1752.873
JM2312,DCE,½¹Ãº2312,220159,2023-09-13,1761.0,1772.0,1742.5,0.0,1739.0,1747.0,1749.0,1748.0,1.0,13.0,339.0,1438.0,1752.873
JM2312,DCE,½¹Ãº2312,220259,2023-09-13,1761.0,1772.0,1742.5,0.0,1739.0,1745.0,1747.0,1748.0,5.0,4.0,339.0,1438.0,1752.873
JM2312,DCE,½¹Ãº2312,220359,2023-09-13,1761.0,1772.0,1742.5,0.0,1739.0,1744.5,1746.5,1748.0,10.0,1.0,339.0,1438.0,1752.873
JM2312,DCE,½¹Ãº2312,220459,2023-09-13,1761.0,1772.0,1742.5,0.0,1739.0,1743.0,1745.5,1748.0,10.0,18.0,339.0,1438.0,1752.873
JM2312,DCE,½¹Ãº2312,220559,2023-09-13,1761.0,1772.0,1742.5,0.0,1739.0,1740.0,1742.0,1748.0,2.0,9.0,339.0,1438.0,1752.873
JM2312,DCE,½¹Ãº2312,220657,2023-09-13,1761.0,1772.0,1736.5,0.0,1739.0,1737.0,1738.5,1737.5,2.0,2.0,351.0,1442.0,1752.336
JM2312,DCE,½¹Ãº2312,220758,2023-09-13,1761.0,1772.0,1736.5,0.0,1739.0,1735.5,1737.5,1736.5,3.0,5.0,356.0,1443.0,1752.117
JM2312,DCE,½¹Ãº2312,220856,2023-09-13,1761.0,1772.0,1736.5,0.0,1739.0,1738.0,1740.0,1737.5,2.0,8.0,368.0,1446.0,1751.658
JM2312,DCE,½¹Ãº2312,220959,2023-09-13,1761.0,1772.0,1736.5,0.0,1739.0,1738.5,1740.5,1737.5,4.0,2.0,368.0,1446.0,1751.658
JM2312,DCE,½¹Ãº2312,221058,2023-09-13,1761.0,1772.0,1736.5,0.0,1739.0,1738.0,1740.5,1739.0,15.0,12.0,379.0,1451.0,1751.286
JM2312,DCE,½¹Ãº2312,221157,2023-09-13,1761.0,1772.0,1736.5,0.0,1739.0,1737.5,1740.0,1739.0,20.0,11.0,379.0,1451.0,1751.286
JM2312,DCE,½¹Ãº2312,221259,2023-09-13,1761.0,1772.0,1736.5,0.0,1739.0,1740.0,1741.5,1739.0,8.0,1.0,379.0,1451.0,1751.286
JM2312,DCE,½¹Ãº2312,221357,2023-09-13,1761.0,1772.0,1736.5,0.0,1739.0,1737.5,1739.5,1739.0,9.0,7.0,392.0,1458.0,1750.903
JM2312,DCE,½¹Ãº2312,221457,2023-09-13,1761.0,1772.0,1736.5,0.0,1739.0,1737.5,1739.5,1738.5,3.0,11.0,393.0,1459.0,1750.872
JM2312,DCE,½¹Ãº2312,221550,2023-09-13,1761.0,1772.0,1736.5,0.0,1739.0,1737.0,1739.0,1739.0,2.0,8.0,394.0,1460.0,1750.841
JM2312,DCE,½¹Ãº2312,221656,2023-09-13,1761.0,1772.0,1733.0,0.0,1739.0,1733.0,1734.0,1733.0,1.0,3.0,399.0,1460.0,1750.63
JM2312,DCE,½¹Ãº2312,221751,2023-09-13,1761.0,1772.0,1733.0,0.0,1739.0,1730.5,1733.0,1733.0,11.0,17.0,401.0,1461.0,1750.542
JM2312,DCE,½¹Ãº2312,221856,2023-09-13,1761.0,1772.0,1733.0,0.0,1739.0,1732.0,1734.5,1734.0,9.0,21.0,405.0,1462.0,1750.38
JM2312,DCE,½¹Ãº2312,221959,2023-09-13,1761.0,1772.0,1733.0,0.0,1739.0,1730.0,1732.0,1734.0,1.0,18.0,405.0,1462.0,1750.38
JM2312,DCE,½¹Ãº2312,222058,2023-09-13,1761.0,1772.0,1733.0,0.0,1739.0,1733.5,1735.0,1734.0,2.0,1.0,405.0,1462.0,1750.38
JM2312,DCE,½¹Ãº2312,222159,2023-09-13,1761.0,1772.0,1733.0,0.0,1739.0,1733.5,1735.0,1734.0,9.0,1.0,405.0,1462.0,1750.38
JM2312,DCE,½¹Ãº2312,222257,2023-09-13,1761.0,1772.0,1733.0,0.0,1739.0,1732.0,1734.0,1733.5,1.0,11.0,409.0,1465.0,1750.216
JM2312,DCE,½¹Ãº2312,222348,2023-09-13,1761.0,1772.0,1733.0,0.0,1739.0,1733.0,1735.0,1734.5,1.0,12.0,412.0,1465.0,1750.101
JM2312,DCE,½¹Ãº2312,222459,2023-09-13,1761.0,1772.0,1733.0,0.0,1739.0,1732.0,1733.5,1734.5,6.0,3.0,412.0,1465.0,1750.101
JM2312,DCE,½¹Ãº2312,222559,2023-09-13,1761.0,1772.0,1730.0,0.0,1739.0,1730.5,1732.5,1730.0,4.0,3.0,420.0,1469.0,1749.718
JM2312,DCE,½¹Ãº2312,222657,2023-09-13,1761.0,1772.0,1730.0,0.0,1739.0,1731.5,1733.0,1730.0,15.0,1.0,420.0,1469.0,1749.718
JM2312,DCE,½¹Ãº2312,222754,2023-09-13,1761.0,1772.0,1730.0,0.0,1739.0,1733.0,1735.0,1730.0,1.0,8.0,420.0,1469.0,1749.718
JM2312,DCE,½¹Ãº2312,222854,2023-09-13,1761.0,1772.0,1730.0,0.0,1739.0,1732.0,1734.0,1730.0,1.0,9.0,420.0,1469.0,1749.718
JM2312,DCE,½¹Ãº2312,222956,2023-09-13,1761.0,1772.0,1730.0,0.0,1739.0,1733.5,1735.5,1730.0,1.0,11.0,420.0,1469.0,1749.718
JM2312,DCE,½¹Ãº2312,223055,2023-09-13,1761.0,1772.0,1730.0,0.0,1739.0,1730.5,1732.5,1730.0,6.0,6.0,426.0,1470.0,1749.478
JM2312,DCE,½¹Ãº2312,223159,2023-09-13,1761.0,1772.0,1730.0,0.0,1739.0,1735.0,1737.0,1735.5,3.0,4.0,433.0,1473.0,1749.231
JM2312,DCE,½¹Ãº2312,223258,2023-09-13,1761.0,1772.0,1730.0,0.0,1739.0,1733.5,1735.5,1735.5,1.0,14.0,433.0,1473.0,1749.231
JM2312,DCE,½¹Ãº2312,223359,2023-09-13,1761.0,1772.0,1730.0,0.0,1739.0,1736.0,1737.5,1736.5,4.0,1.0,438.0,1474.0,1749.083
JM2312,DCE,½¹Ãº2312,223459,2023-09-13,1761.0,1772.0,1730.0,0.0,1739.0,1734.5,1737.0,1736.5,8.0,16.0,438.0,1474.0,1749.083
JM2312,DCE,½¹Ãº2312,223559,2023-09-13,1761.0,1772.0,1730.0,0.0,1739.0,1734.0,1735.5,1736.5,7.0,5.0,438.0,1474.0,1749.083
JM2312,DCE,½¹Ãº2312,223659,2023-09-13,1761.0,1772.0,1730.0,0.0,1739.0,1736.5,1738.5,1736.5,3.0,1.0,438.0,1474.0,1749.083
JM2312,DCE,½¹Ãº2312,223757,2023-09-13,1761.0,1772.0,1730.0,0.0,1739.0,1739.5,1741.5,1741.0,9.0,5.0,441.0,1473.0,1749.026
JM2312,DCE,½¹Ãº2312,223858,2023-09-13,1761.0,1772.0,1730.0,0.0,1739.0,1739.5,1741.5,1740.5,2.0,14.0,442.0,1473.0,1749.007
JM2312,DCE,½¹Ãº2312,223955,2023-09-13,1761.0,1772.0,1730.0,0.0,1739.0,1740.5,1742.5,1740.5,2.0,7.0,442.0,1473.0,1749.007
JM2312,DCE,½¹Ãº2312,224056,2023-09-13,1761.0,1772.0,1730.0,0.0,1739.0,1740.5,1742.5,1740.5,14.0,1.0,442.0,1473.0,1749.007
JM2312,DCE,½¹Ãº2312,224159,2023-09-13,1761.0,1772.0,1730.0,0.0,1739.0,1743.5,1744.5,1740.5,5.0,6.0,442.0,1473.0,1749.007
JM2312,DCE,½¹Ãº2312,224256,2023-09-13,1761.0,1772.0,1730.0,0.0,1739.0,1743.5,1745.5,1740.5,14.0,2.0,442.0,1473.0,1749.007
JM2312,DCE,½¹Ãº2312,224359,2023-09-13,1761.0,1772.0,1730.0,0.0,1739.0,1741.0,1742.5,1740.5,1.0,10.0,442.0,1473.0,1749.007
JM2312,DCE,½¹Ãº2312,224459,2023-09-13,1761.0,1772.0,1730.0,0.0,1739.0,1743.5,1746.0,1745.0,13.0,12.0,451.0,1477.0,1748.888
JM2312,DCE,½¹Ãº2312,224559,2023-09-13,1761.0,1772.0,1730.0,0.0,1739.0,1741.5,1744.0,1745.0,15.0,13.0,451.0,1477.0,1748.888
JM2312,DCE,½¹Ãº2312,224652,2023-09-13,1761.0,1772.0,1730.0,0.0,1739.0,1741.0,1743.0,1742.0,3.0,1.0,452.0,1476.0,1748.873
JM2312,DCE,½¹Ãº2312,224758,2023-09-13,1761.0,1772.0,1730.0,0.0,1739.0,1742.0,1743.5,1742.0,2.0,6.0,453.0,1476.0,1748.858
JM2312,DCE,½¹Ãº2312,224856,2023-09-13,1761.0,1772.0,1730.0,0.0,1739.0,1741.5,1743.5,1742.0,1.0,8.0,462.0,1479.0,1748.739
JM2312,DCE,½¹Ãº2312,224959,2023-09-13,1761.0,1772.0,1730.0,0.0,1739.0,1743.0,1745.0,1742.0,3.0,7.0,462.0,1479.0,1748.739
JM2312,DCE,½¹Ãº2312,225059,2023-09-13,1761.0,1772.0,1730.0,0.0,1739.0,1744.0,1745.5,1742.0,13.0,2.0,462.0,1479.0,1748.739
JM2312,DCE,½¹Ãº2312,225158,2023-09-13,1761.0,1772.0,1730.0,0.0,1739.0,1742.5,1745.0,1742.0,15.0,12.0,462.0,1479.0,1748.739
JM2312,DCE,½¹Ãº2312,225259,2023-09-13,1761.0,1772.0,1730.0,0.0,1739.0,1744.0,1746.0,1742.0,1.0,8.0,462.0,1479.0,1748.739
JM2312,DCE,½¹Ãº2312,225357,2023-09-13,1761.0,1772.0,1730.0,0.0,1739.0,1743.5,1746.0,1745.0,8.0,13.0,468.0,1479.0,1748.691
JM2312,DCE,½¹Ãº2312,225457,2023-09-13,1761.0,1772.0,1730.0,0.0,1739.0,1744.0,1746.5,1745.0,11.0,9.0,468.0,1479.0,1748.691
JM2312,DCE,½¹Ãº2312,225557,2023-09-13,1761.0,1772.0,1730.0,0.0,1739.0,1744.0,1746.5,1745.0,14.0,11.0,468.0,1479.0,1748.691
JM2312,DCE,½¹Ãº2312,225659,2023-09-13,1761.0,1772.0,1730.0,0.0,1739.0,1743.0,1745.0,1745.0,12.0,2.0,468.0,1479.0,1748.691
JM2312,DCE,½¹Ãº2312,225758,2023-09-13,1761.0,1772.0,1730.0,0.0,1739.0,1742.0,1744.5,1743.5,3.0,17.0,483.0,1483.0,1748.53
